172.6,-34.3
172.7,-34.3
172.8,-34.3
172.9,-34.3
173,-34.3
173.1,-34.3
173.2,-34.3
172.5,-34.4
172.6,-34.4
172.7,-34.4
172.8,-34.4
172.9,-34.4
173,-34.4
173.1,-34.4
173.2,-34.4
172.5,-34.5
172.6,-34.5
172.7,-34.5
172.8,-34.5
172.9,-34.5
173,-34.5
173.1,-34.5
173.2,-34.5
172.5,-34.6
172.6,-34.6
172.7,-34.6
172.8,-34.6
172.9,-34.6
173,-34.6
173.1,-34.6
173.2,-34.6
173.3,-34.6
173.4,-34.6
172.7,-34.7
172.8,-34.7
172.9,-34.7
173,-34.7
173.1,-34.7
173.2,-34.7
173.3,-34.7
173.4,-34.7
173.5,-34.7
173.6,-34.7
172.8,-34.8
172.9,-34.8
173,-34.8
173.1,-34.8
173.2,-34.8
173.3,-34.8
173.4,-34.8
173.5,-34.8
173.6,-34.8
173.7,-34.8
173.8,-34.8
173.9,-34.8
174,-34.8
172.9,-34.9
173,-34.9
173.1,-34.9
173.2,-34.9
173.3,-34.9
173.4,-34.9
173.5,-34.9
173.6,-34.9
173.7,-34.9
173.8,-34.9
173.9,-34.9
174,-34.9
174.1,-34.9
173,-35
173.1,-35
173.2,-35
173.3,-35
173.4,-35
173.5,-35
173.6,-35
173.7,-35
173.8,-35
173.9,-35
174,-35
174.1,-35
174.2,-35
174.3,-35
174.4,-35
172.9,-35.1
173,-35.1
173.1,-35.1
173.2,-35.1
173.3,-35.1
173.4,-35.1
173.5,-35.1
173.6,-35.1
173.7,-35.1
173.8,-35.1
173.9,-35.1
174,-35.1
174.1,-35.1
174.2,-35.1
174.3,-35.1
174.4,-35.1
174.5,-35.1
172.9,-35.2
173,-35.2
173.1,-35.2
173.2,-35.2
173.3,-35.2
173.4,-35.2
173.5,-35.2
173.6,-35.2
173.7,-35.2
173.8,-35.2
173.9,-35.2
174,-35.2
174.1,-35.2
174.2,-35.2
174.3,-35.2
174.4,-35.2
174.5,-35.2
172.9,-35.3
173,-35.3
173.1,-35.3
173.2,-35.3
173.3,-35.3
173.4,-35.3
173.5,-35.3
173.6,-35.3
173.7,-35.3
173.8,-35.3
173.9,-35.3
174,-35.3
174.1,-35.3
174.2,-35.3
174.3,-35.3
174.4,-35.3
174.5,-35.3
174.6,-35.3
174.7,-35.3
174.8,-35.3
173,-35.4
173.1,-35.4
173.2,-35.4
173.3,-35.4
173.4,-35.4
173.5,-35.4
173.6,-35.4
173.7,-35.4
173.8,-35.4
173.9,-35.4
174,-35.4
174.1,-35.4
174.2,-35.4
174.3,-35.4
174.4,-35.4
174.5,-35.4
174.6,-35.4
174.7,-35.4
174.8,-35.4
174.9,-35.4
173.1,-35.5
173.2,-35.5
173.3,-35.5
173.4,-35.5
173.5,-35.5
173.6,-35.5
173.7,-35.5
173.8,-35.5
173.9,-35.5
174,-35.5
174.1,-35.5
174.2,-35.5
174.3,-35.5
174.4,-35.5
174.5,-35.5
174.6,-35.5
174.7,-35.5
174.8,-35.5
174.9,-35.5
173.2,-35.6
173.3,-35.6
173.4,-35.6
173.5,-35.6
173.6,-35.6
173.7,-35.6
173.8,-35.6
173.9,-35.6
174,-35.6
174.1,-35.6
174.2,-35.6
174.3,-35.6
174.4,-35.6
174.5,-35.6
174.6,-35.6
174.7,-35.6
174.8,-35.6
174.9,-35.6
173.3,-35.7
173.4,-35.7
173.5,-35.7
173.6,-35.7
173.7,-35.7
173.8,-35.7
173.9,-35.7
174,-35.7
174.1,-35.7
174.2,-35.7
174.3,-35.7
174.4,-35.7
174.5,-35.7
174.6,-35.7
174.7,-35.7
173.4,-35.8
173.5,-35.8
173.6,-35.8
173.7,-35.8
173.8,-35.8
173.9,-35.8
174,-35.8
174.1,-35.8
174.2,-35.8
174.3,-35.8
174.4,-35.8
174.5,-35.8
174.6,-35.8
174.7,-35.8
174.8,-35.8
174.9,-35.8
175,-35.8
175.1,-35.8
175.2,-35.8
175.3,-35.8
173.5,-35.9
173.6,-35.9
173.7,-35.9
173.8,-35.9
173.9,-35.9
174,-35.9
174.1,-35.9
174.2,-35.9
174.3,-35.9
174.4,-35.9
174.5,-35.9
174.6,-35.9
174.7,-35.9
174.8,-35.9
174.9,-35.9
175,-35.9
175.1,-35.9
175.2,-35.9
175.3,-35.9
175.4,-35.9
175.5,-35.9
173.6,-36
173.7,-36
173.8,-36
173.9,-36
174,-36
174.1,-36
174.2,-36
174.3,-36
174.4,-36
174.5,-36
174.6,-36
174.7,-36
174.8,-36
174.9,-36
175,-36
175.1,-36
175.2,-36
175.3,-36
175.4,-36
175.5,-36
175.6,-36
173.6,-36.1
173.7,-36.1
173.8,-36.1
173.9,-36.1
174,-36.1
174.1,-36.1
174.2,-36.1
174.3,-36.1
174.4,-36.1
174.5,-36.1
174.6,-36.1
174.7,-36.1
174.8,-36.1
174.9,-36.1
175,-36.1
175.1,-36.1
175.2,-36.1
175.3,-36.1
175.4,-36.1
175.5,-36.1
175.6,-36.1
175.7,-36.1
173.7,-36.2
173.8,-36.2
173.9,-36.2
174,-36.2
174.1,-36.2
174.2,-36.2
174.3,-36.2
174.4,-36.2
174.5,-36.2
174.6,-36.2
174.7,-36.2
174.8,-36.2
174.9,-36.2
175,-36.2
175.1,-36.2
175.2,-36.2
175.3,-36.2
175.4,-36.2
175.5,-36.2
175.6,-36.2
175.7,-36.2
173.8,-36.3
173.9,-36.3
174,-36.3
174.1,-36.3
174.2,-36.3
174.3,-36.3
174.4,-36.3
174.5,-36.3
174.6,-36.3
174.7,-36.3
174.8,-36.3
174.9,-36.3
175,-36.3
175.1,-36.3
175.2,-36.3
175.3,-36.3
175.4,-36.3
175.5,-36.3
175.6,-36.3
175.7,-36.3
175.8,-36.3
175.9,-36.3
173.9,-36.4
174,-36.4
174.1,-36.4
174.2,-36.4
174.3,-36.4
174.4,-36.4
174.5,-36.4
174.6,-36.4
174.7,-36.4
174.8,-36.4
174.9,-36.4
175,-36.4
175.1,-36.4
175.2,-36.4
175.3,-36.4
175.4,-36.4
175.5,-36.4
175.6,-36.4
175.7,-36.4
175.8,-36.4
175.9,-36.4
176,-36.4
173.9,-36.5
174,-36.5
174.1,-36.5
174.2,-36.5
174.3,-36.5
174.4,-36.5
174.5,-36.5
174.6,-36.5
174.7,-36.5
174.8,-36.5
174.9,-36.5
175,-36.5
175.2,-36.5
175.3,-36.5
175.4,-36.5
175.5,-36.5
175.6,-36.5
175.7,-36.5
175.8,-36.5
175.9,-36.5
176,-36.5
176.1,-36.5
174,-36.6
174.1,-36.6
174.2,-36.6
174.3,-36.6
174.4,-36.6
174.5,-36.6
174.6,-36.6
174.7,-36.6
174.8,-36.6
174.9,-36.6
175,-36.6
175.1,-36.6
175.2,-36.6
175.3,-36.6
175.4,-36.6
175.5,-36.6
175.6,-36.6
175.7,-36.6
175.8,-36.6
175.9,-36.6
176,-36.6
176.1,-36.6
174.1,-36.7
174.2,-36.7
174.3,-36.7
174.4,-36.7
174.5,-36.7
174.6,-36.7
174.7,-36.7
174.8,-36.7
174.9,-36.7
175,-36.7
175.1,-36.7
175.2,-36.7
175.3,-36.7
175.4,-36.7
175.5,-36.7
175.6,-36.7
175.7,-36.7
175.8,-36.7
175.9,-36.7
176,-36.7
176.1,-36.7
174.2,-36.8
174.3,-36.8
174.4,-36.8
174.5,-36.8
174.6,-36.8
174.7,-36.8
174.8,-36.8
174.9,-36.8
175,-36.8
175.1,-36.8
175.2,-36.8
175.3,-36.8
175.4,-36.8
175.5,-36.8
175.6,-36.8
175.7,-36.8
175.8,-36.8
175.9,-36.8
176,-36.8
176.1,-36.8
176.2,-36.8
174.3,-36.9
174.4,-36.9
174.5,-36.9
174.6,-36.9
174.7,-36.9
174.8,-36.9
174.9,-36.9
175,-36.9
175.1,-36.9
175.2,-36.9
175.3,-36.9
175.4,-36.9
175.5,-36.9
175.6,-36.9
175.7,-36.9
175.8,-36.9
175.9,-36.9
176,-36.9
176.1,-36.9
176.2,-36.9
176.3,-36.9
174.3,-37
174.4,-37
174.5,-37
174.6,-37
174.7,-37
174.8,-37
174.9,-37
175,-37
175.1,-37
175.2,-37
175.3,-37
175.4,-37
175.5,-37
175.6,-37
175.7,-37
175.8,-37
175.9,-37
176,-37
176.1,-37
176.2,-37
176.3,-37
174.3,-37.1
174.4,-37.1
174.5,-37.1
174.6,-37.1
174.7,-37.1
174.8,-37.1
174.9,-37.1
175,-37.1
175.1,-37.1
175.2,-37.1
175.3,-37.1
175.4,-37.1
175.5,-37.1
175.6,-37.1
175.7,-37.1
175.8,-37.1
175.9,-37.1
176,-37.1
176.1,-37.1
176.2,-37.1
176.3,-37.1
174.4,-37.2
174.5,-37.2
174.6,-37.2
174.7,-37.2
174.8,-37.2
174.9,-37.2
175,-37.2
175.1,-37.2
175.2,-37.2
175.3,-37.2
175.4,-37.2
175.5,-37.2
175.6,-37.2
175.7,-37.2
175.8,-37.2
175.9,-37.2
176,-37.2
176.1,-37.2
176.2,-37.2
176.3,-37.2
176.4,-37.2
174.5,-37.3
174.6,-37.3
174.7,-37.3
174.8,-37.3
174.9,-37.3
175,-37.3
175.1,-37.3
175.2,-37.3
175.3,-37.3
175.4,-37.3
175.5,-37.3
175.6,-37.3
175.7,-37.3
175.8,-37.3
175.9,-37.3
176,-37.3
176.1,-37.3
176.2,-37.3
176.3,-37.3
176.4,-37.3
176.5,-37.3
174.5,-37.4
174.6,-37.4
174.7,-37.4
174.8,-37.4
174.9,-37.4
175,-37.4
175.1,-37.4
175.2,-37.4
175.3,-37.4
175.4,-37.4
175.5,-37.4
175.6,-37.4
175.7,-37.4
175.8,-37.4
175.9,-37.4
176,-37.4
176.1,-37.4
176.2,-37.4
176.3,-37.4
176.4,-37.4
177,-37.4
177.1,-37.4
177.2,-37.4
177.3,-37.4
177.9,-37.4
178,-37.4
178.1,-37.4
178.2,-37.4
178.3,-37.4
178.4,-37.4
174.5,-37.5
174.6,-37.5
174.7,-37.5
174.8,-37.5
174.9,-37.5
175,-37.5
175.1,-37.5
175.2,-37.5
175.3,-37.5
175.4,-37.5
175.5,-37.5
175.6,-37.5
175.7,-37.5
175.8,-37.5
175.9,-37.5
176,-37.5
176.1,-37.5
176.2,-37.5
176.3,-37.5
176.4,-37.5
176.5,-37.5
176.6,-37.5
177,-37.5
177.1,-37.5
177.2,-37.5
177.3,-37.5
177.4,-37.5
177.7,-37.5
177.8,-37.5
177.9,-37.5
178,-37.5
178.1,-37.5
178.2,-37.5
178.3,-37.5
178.4,-37.5
178.5,-37.5
178.6,-37.5
174.6,-37.6
174.7,-37.6
174.8,-37.6
174.9,-37.6
175,-37.6
175.1,-37.6
175.2,-37.6
175.3,-37.6
175.4,-37.6
175.5,-37.6
175.6,-37.6
175.7,-37.6
175.8,-37.6
175.9,-37.6
176,-37.6
176.1,-37.6
176.2,-37.6
176.3,-37.6
176.4,-37.6
176.5,-37.6
176.6,-37.6
177,-37.6
177.1,-37.6
177.2,-37.6
177.3,-37.6
177.4,-37.6
177.6,-37.6
177.7,-37.6
177.8,-37.6
177.9,-37.6
178,-37.6
178.1,-37.6
178.2,-37.6
178.3,-37.6
178.4,-37.6
178.5,-37.6
178.6,-37.6
178.7,-37.6
174.6,-37.7
174.7,-37.7
174.8,-37.7
174.9,-37.7
175,-37.7
175.1,-37.7
175.2,-37.7
175.3,-37.7
175.4,-37.7
175.5,-37.7
175.6,-37.7
175.7,-37.7
175.8,-37.7
175.9,-37.7
176,-37.7
176.1,-37.7
176.2,-37.7
176.3,-37.7
176.4,-37.7
176.5,-37.7
176.6,-37.7
176.7,-37.7
176.9,-37.7
177,-37.7
177.2,-37.7
177.5,-37.7
177.6,-37.7
177.7,-37.7
177.8,-37.7
177.9,-37.7
178,-37.7
178.1,-37.7
178.2,-37.7
178.3,-37.7
178.4,-37.7
178.5,-37.7
178.6,-37.7
178.7,-37.7
178.8,-37.7
174.6,-37.8
174.7,-37.8
174.8,-37.8
174.9,-37.8
175,-37.8
175.1,-37.8
175.2,-37.8
175.3,-37.8
175.4,-37.8
175.5,-37.8
175.6,-37.8
175.7,-37.8
175.8,-37.8
175.9,-37.8
176,-37.8
176.1,-37.8
176.2,-37.8
176.3,-37.8
176.4,-37.8
176.5,-37.8
176.6,-37.8
176.7,-37.8
176.8,-37.8
176.9,-37.8
177,-37.8
177.1,-37.8
177.2,-37.8
177.4,-37.8
177.5,-37.8
177.6,-37.8
177.7,-37.8
177.8,-37.8
177.9,-37.8
178,-37.8
178.1,-37.8
178.2,-37.8
178.3,-37.8
178.4,-37.8
178.5,-37.8
178.6,-37.8
178.7,-37.8
174.6,-37.9
174.7,-37.9
174.8,-37.9
174.9,-37.9
175,-37.9
175.1,-37.9
175.2,-37.9
175.3,-37.9
175.4,-37.9
175.5,-37.9
175.6,-37.9
175.7,-37.9
175.8,-37.9
175.9,-37.9
176,-37.9
176.1,-37.9
176.2,-37.9
176.3,-37.9
176.4,-37.9
176.5,-37.9
176.6,-37.9
176.7,-37.9
176.8,-37.9
176.9,-37.9
177,-37.9
177.1,-37.9
177.2,-37.9
177.3,-37.9
177.4,-37.9
177.5,-37.9
177.6,-37.9
177.7,-37.9
177.8,-37.9
177.9,-37.9
178,-37.9
178.1,-37.9
178.2,-37.9
178.3,-37.9
178.4,-37.9
178.5,-37.9
178.6,-37.9
174.6,-38
174.7,-38
174.8,-38
174.9,-38
175,-38
175.1,-38
175.2,-38
175.3,-38
175.4,-38
175.5,-38
175.6,-38
175.7,-38
175.8,-38
175.9,-38
176,-38
176.1,-38
176.2,-38
176.3,-38
176.4,-38
176.5,-38
176.6,-38
176.7,-38
176.8,-38
176.9,-38
177,-38
177.1,-38
177.2,-38
177.3,-38
177.4,-38
177.5,-38
177.6,-38
177.7,-38
177.8,-38
177.9,-38
178,-38
178.1,-38
178.2,-38
178.3,-38
178.4,-38
178.5,-38
178.6,-38
174.5,-38.1
174.6,-38.1
174.7,-38.1
174.8,-38.1
174.9,-38.1
175,-38.1
175.1,-38.1
175.2,-38.1
175.3,-38.1
175.4,-38.1
175.5,-38.1
175.6,-38.1
175.7,-38.1
175.8,-38.1
175.9,-38.1
176,-38.1
176.1,-38.1
176.2,-38.1
176.3,-38.1
176.4,-38.1
176.5,-38.1
176.6,-38.1
176.7,-38.1
176.8,-38.1
176.9,-38.1
177,-38.1
177.1,-38.1
177.2,-38.1
177.3,-38.1
177.4,-38.1
177.5,-38.1
177.6,-38.1
177.7,-38.1
177.8,-38.1
177.9,-38.1
178,-38.1
178.1,-38.1
178.2,-38.1
178.3,-38.1
178.4,-38.1
178.5,-38.1
178.6,-38.1
174.5,-38.2
174.6,-38.2
174.7,-38.2
174.8,-38.2
174.9,-38.2
175,-38.2
175.1,-38.2
175.2,-38.2
175.3,-38.2
175.4,-38.2
175.5,-38.2
175.6,-38.2
175.7,-38.2
175.8,-38.2
175.9,-38.2
176,-38.2
176.1,-38.2
176.2,-38.2
176.3,-38.2
176.4,-38.2
176.5,-38.2
176.6,-38.2
176.7,-38.2
176.8,-38.2
176.9,-38.2
177,-38.2
177.1,-38.2
177.2,-38.2
177.3,-38.2
177.4,-38.2
177.5,-38.2
177.6,-38.2
177.7,-38.2
177.8,-38.2
177.9,-38.2
178,-38.2
178.1,-38.2
178.2,-38.2
178.3,-38.2
178.4,-38.2
178.5,-38.2
174.5,-38.3
174.6,-38.3
174.7,-38.3
174.8,-38.3
174.9,-38.3
175,-38.3
175.1,-38.3
175.2,-38.3
175.3,-38.3
175.4,-38.3
175.5,-38.3
175.6,-38.3
175.7,-38.3
175.8,-38.3
175.9,-38.3
176,-38.3
176.1,-38.3
176.2,-38.3
176.3,-38.3
176.4,-38.3
176.5,-38.3
176.6,-38.3
176.7,-38.3
176.8,-38.3
176.9,-38.3
177,-38.3
177.1,-38.3
177.2,-38.3
177.3,-38.3
177.4,-38.3
177.5,-38.3
177.6,-38.3
177.7,-38.3
177.8,-38.3
177.9,-38.3
178,-38.3
178.1,-38.3
178.2,-38.3
178.3,-38.3
178.4,-38.3
178.5,-38.3
174.5,-38.4
174.6,-38.4
174.7,-38.4
174.8,-38.4
174.9,-38.4
175,-38.4
175.1,-38.4
175.2,-38.4
175.3,-38.4
175.4,-38.4
175.5,-38.4
175.6,-38.4
175.7,-38.4
175.8,-38.4
175.9,-38.4
176,-38.4
176.1,-38.4
176.2,-38.4
176.3,-38.4
176.4,-38.4
176.5,-38.4
176.6,-38.4
176.7,-38.4
176.8,-38.4
176.9,-38.4
177,-38.4
177.1,-38.4
177.2,-38.4
177.3,-38.4
177.4,-38.4
177.5,-38.4
177.6,-38.4
177.7,-38.4
177.8,-38.4
177.9,-38.4
178,-38.4
178.1,-38.4
178.2,-38.4
178.3,-38.4
178.4,-38.4
178.5,-38.4
174.5,-38.5
174.6,-38.5
174.7,-38.5
174.8,-38.5
174.9,-38.5
175,-38.5
175.1,-38.5
175.2,-38.5
175.3,-38.5
175.4,-38.5
175.5,-38.5
175.6,-38.5
175.7,-38.5
175.8,-38.5
175.9,-38.5
176,-38.5
176.1,-38.5
176.2,-38.5
176.3,-38.5
176.4,-38.5
176.5,-38.5
176.6,-38.5
176.7,-38.5
176.8,-38.5
176.9,-38.5
177,-38.5
177.1,-38.5
177.2,-38.5
177.3,-38.5
177.4,-38.5
177.5,-38.5
177.6,-38.5
177.7,-38.5
177.8,-38.5
177.9,-38.5
178,-38.5
178.1,-38.5
178.2,-38.5
178.3,-38.5
178.4,-38.5
178.5,-38.5
174.4,-38.6
174.5,-38.6
174.6,-38.6
174.7,-38.6
174.8,-38.6
174.9,-38.6
175,-38.6
175.1,-38.6
175.2,-38.6
175.3,-38.6
175.4,-38.6
175.5,-38.6
175.6,-38.6
175.7,-38.6
175.8,-38.6
175.9,-38.6
176,-38.6
176.1,-38.6
176.2,-38.6
176.3,-38.6
176.4,-38.6
176.5,-38.6
176.6,-38.6
176.7,-38.6
176.8,-38.6
176.9,-38.6
177,-38.6
177.1,-38.6
177.2,-38.6
177.3,-38.6
177.4,-38.6
177.5,-38.6
177.6,-38.6
177.7,-38.6
177.8,-38.6
177.9,-38.6
178,-38.6
178.1,-38.6
178.2,-38.6
178.3,-38.6
178.4,-38.6
178.5,-38.6
174.4,-38.7
174.5,-38.7
174.6,-38.7
174.7,-38.7
174.8,-38.7
174.9,-38.7
175,-38.7
175.1,-38.7
175.2,-38.7
175.3,-38.7
175.4,-38.7
175.5,-38.7
175.6,-38.7
175.7,-38.7
175.8,-38.7
175.9,-38.7
176,-38.7
176.1,-38.7
176.2,-38.7
176.3,-38.7
176.4,-38.7
176.5,-38.7
176.6,-38.7
176.7,-38.7
176.8,-38.7
176.9,-38.7
177,-38.7
177.1,-38.7
177.2,-38.7
177.3,-38.7
177.4,-38.7
177.5,-38.7
177.6,-38.7
177.7,-38.7
177.8,-38.7
177.9,-38.7
178,-38.7
178.1,-38.7
178.2,-38.7
178.3,-38.7
174.4,-38.8
174.5,-38.8
174.6,-38.8
174.7,-38.8
174.8,-38.8
174.9,-38.8
175,-38.8
175.1,-38.8
175.2,-38.8
175.3,-38.8
175.4,-38.8
175.5,-38.8
175.6,-38.8
175.7,-38.8
175.8,-38.8
175.9,-38.8
176,-38.8
176.1,-38.8
176.2,-38.8
176.3,-38.8
176.4,-38.8
176.5,-38.8
176.6,-38.8
176.7,-38.8
176.8,-38.8
176.9,-38.8
177,-38.8
177.1,-38.8
177.2,-38.8
177.3,-38.8
177.4,-38.8
177.5,-38.8
177.6,-38.8
177.7,-38.8
177.8,-38.8
177.9,-38.8
178,-38.8
178.1,-38.8
178.2,-38.8
173.9,-38.9
174,-38.9
174.1,-38.9
174.2,-38.9
174.3,-38.9
174.4,-38.9
174.5,-38.9
174.6,-38.9
174.7,-38.9
174.8,-38.9
174.9,-38.9
175,-38.9
175.1,-38.9
175.2,-38.9
175.3,-38.9
175.4,-38.9
175.5,-38.9
175.6,-38.9
175.7,-38.9
175.8,-38.9
175.9,-38.9
176,-38.9
176.1,-38.9
176.2,-38.9
176.3,-38.9
176.4,-38.9
176.5,-38.9
176.6,-38.9
176.7,-38.9
176.8,-38.9
176.9,-38.9
177,-38.9
177.1,-38.9
177.2,-38.9
177.3,-38.9
177.4,-38.9
177.5,-38.9
177.6,-38.9
177.7,-38.9
177.8,-38.9
177.9,-38.9
178,-38.9
178.1,-38.9
173.8,-39
173.9,-39
174,-39
174.1,-39
174.2,-39
174.3,-39
174.4,-39
174.5,-39
174.6,-39
174.7,-39
174.8,-39
174.9,-39
175,-39
175.1,-39
175.2,-39
175.3,-39
175.4,-39
175.5,-39
175.6,-39
175.7,-39
175.8,-39
175.9,-39
176,-39
176.1,-39
176.2,-39
176.3,-39
176.4,-39
176.5,-39
176.6,-39
176.7,-39
176.8,-39
176.9,-39
177,-39
177.1,-39
177.2,-39
177.3,-39
177.4,-39
177.5,-39
177.6,-39
177.7,-39
177.8,-39
177.9,-39
178,-39
178.1,-39
173.6,-39.1
173.7,-39.1
173.8,-39.1
173.9,-39.1
174,-39.1
174.1,-39.1
174.2,-39.1
174.3,-39.1
174.4,-39.1
174.5,-39.1
174.6,-39.1
174.7,-39.1
174.8,-39.1
174.9,-39.1
175,-39.1
175.1,-39.1
175.2,-39.1
175.3,-39.1
175.4,-39.1
175.5,-39.1
175.6,-39.1
175.7,-39.1
175.8,-39.1
175.9,-39.1
176,-39.1
176.1,-39.1
176.2,-39.1
176.3,-39.1
176.4,-39.1
176.5,-39.1
176.6,-39.1
176.7,-39.1
176.8,-39.1
176.9,-39.1
177,-39.1
177.1,-39.1
177.2,-39.1
177.3,-39.1
177.4,-39.1
177.5,-39.1
177.6,-39.1
177.7,-39.1
177.8,-39.1
177.9,-39.1
178,-39.1
178.1,-39.1
178.2,-39.1
173.6,-39.2
173.7,-39.2
173.8,-39.2
173.9,-39.2
174,-39.2
174.1,-39.2
174.2,-39.2
174.3,-39.2
174.4,-39.2
174.5,-39.2
174.6,-39.2
174.7,-39.2
174.8,-39.2
174.9,-39.2
175,-39.2
175.1,-39.2
175.2,-39.2
175.3,-39.2
175.4,-39.2
175.5,-39.2
175.6,-39.2
175.7,-39.2
175.8,-39.2
175.9,-39.2
176,-39.2
176.1,-39.2
176.2,-39.2
176.3,-39.2
176.4,-39.2
176.5,-39.2
176.6,-39.2
176.7,-39.2
176.8,-39.2
176.9,-39.2
177,-39.2
177.1,-39.2
177.2,-39.2
177.3,-39.2
177.4,-39.2
177.5,-39.2
177.6,-39.2
177.7,-39.2
177.8,-39.2
177.9,-39.2
178,-39.2
178.1,-39.2
178.2,-39.2
173.6,-39.3
173.7,-39.3
173.8,-39.3
173.9,-39.3
174,-39.3
174.1,-39.3
174.2,-39.3
174.3,-39.3
174.4,-39.3
174.5,-39.3
174.6,-39.3
174.7,-39.3
174.8,-39.3
174.9,-39.3
175,-39.3
175.1,-39.3
175.2,-39.3
175.3,-39.3
175.4,-39.3
175.5,-39.3
175.6,-39.3
175.7,-39.3
175.8,-39.3
175.9,-39.3
176,-39.3
176.1,-39.3
176.2,-39.3
176.3,-39.3
176.4,-39.3
176.5,-39.3
176.6,-39.3
176.7,-39.3
176.8,-39.3
176.9,-39.3
177,-39.3
177.1,-39.3
177.2,-39.3
177.7,-39.3
177.8,-39.3
177.9,-39.3
178,-39.3
178.1,-39.3
173.6,-39.4
173.7,-39.4
173.8,-39.4
173.9,-39.4
174,-39.4
174.1,-39.4
174.2,-39.4
174.3,-39.4
174.4,-39.4
174.5,-39.4
174.6,-39.4
174.7,-39.4
174.8,-39.4
174.9,-39.4
175,-39.4
175.1,-39.4
175.2,-39.4
175.3,-39.4
175.4,-39.4
175.5,-39.4
175.6,-39.4
175.7,-39.4
175.8,-39.4
175.9,-39.4
176,-39.4
176.1,-39.4
176.2,-39.4
176.3,-39.4
176.4,-39.4
176.5,-39.4
176.6,-39.4
176.7,-39.4
176.8,-39.4
176.9,-39.4
177,-39.4
177.1,-39.4
177.7,-39.4
177.8,-39.4
177.9,-39.4
178,-39.4
173.6,-39.5
173.7,-39.5
173.8,-39.5
173.9,-39.5
174,-39.5
174.1,-39.5
174.2,-39.5
174.3,-39.5
174.4,-39.5
174.5,-39.5
174.6,-39.5
174.7,-39.5
174.8,-39.5
174.9,-39.5
175,-39.5
175.1,-39.5
175.2,-39.5
175.3,-39.5
175.4,-39.5
175.5,-39.5
175.6,-39.5
175.7,-39.5
175.8,-39.5
175.9,-39.5
176,-39.5
176.1,-39.5
176.2,-39.5
176.3,-39.5
176.4,-39.5
176.5,-39.5
176.6,-39.5
176.7,-39.5
176.8,-39.5
176.9,-39.5
177,-39.5
177.1,-39.5
177.2,-39.5
173.8,-39.6
173.9,-39.6
174,-39.6
174.1,-39.6
174.2,-39.6
174.3,-39.6
174.4,-39.6
174.5,-39.6
174.6,-39.6
174.7,-39.6
174.8,-39.6
174.9,-39.6
175,-39.6
175.1,-39.6
175.2,-39.6
175.3,-39.6
175.4,-39.6
175.5,-39.6
175.6,-39.6
175.7,-39.6
175.8,-39.6
175.9,-39.6
176,-39.6
176.1,-39.6
176.2,-39.6
176.3,-39.6
176.4,-39.6
176.5,-39.6
176.6,-39.6
176.7,-39.6
176.8,-39.6
176.9,-39.6
177,-39.6
177.1,-39.6
177.2,-39.6
177.3,-39.6
173.9,-39.7
174,-39.7
174.1,-39.7
174.2,-39.7
174.3,-39.7
174.4,-39.7
174.5,-39.7
174.6,-39.7
174.7,-39.7
174.8,-39.7
174.9,-39.7
175,-39.7
175.1,-39.7
175.2,-39.7
175.3,-39.7
175.4,-39.7
175.5,-39.7
175.6,-39.7
175.7,-39.7
175.8,-39.7
175.9,-39.7
176,-39.7
176.1,-39.7
176.2,-39.7
176.3,-39.7
176.4,-39.7
176.5,-39.7
176.6,-39.7
176.7,-39.7
176.8,-39.7
176.9,-39.7
177,-39.7
177.1,-39.7
177.2,-39.7
177.3,-39.7
174.2,-39.8
174.3,-39.8
174.4,-39.8
174.5,-39.8
174.6,-39.8
174.7,-39.8
174.8,-39.8
174.9,-39.8
175,-39.8
175.1,-39.8
175.2,-39.8
175.3,-39.8
175.4,-39.8
175.5,-39.8
175.6,-39.8
175.7,-39.8
175.8,-39.8
175.9,-39.8
176,-39.8
176.1,-39.8
176.2,-39.8
176.3,-39.8
176.4,-39.8
176.5,-39.8
176.6,-39.8
176.7,-39.8
176.8,-39.8
176.9,-39.8
177,-39.8
177.1,-39.8
177.2,-39.8
174.4,-39.9
174.5,-39.9
174.6,-39.9
174.7,-39.9
174.8,-39.9
174.9,-39.9
175,-39.9
175.1,-39.9
175.2,-39.9
175.3,-39.9
175.4,-39.9
175.5,-39.9
175.6,-39.9
175.7,-39.9
175.8,-39.9
175.9,-39.9
176,-39.9
176.1,-39.9
176.2,-39.9
176.3,-39.9
176.4,-39.9
176.5,-39.9
176.6,-39.9
176.7,-39.9
176.8,-39.9
176.9,-39.9
177,-39.9
177.1,-39.9
177.2,-39.9
174.6,-40
174.7,-40
174.8,-40
174.9,-40
175,-40
175.1,-40
175.2,-40
175.3,-40
175.4,-40
175.5,-40
175.6,-40
175.7,-40
175.8,-40
175.9,-40
176,-40
176.1,-40
176.2,-40
176.3,-40
176.4,-40
176.5,-40
176.6,-40
176.7,-40
176.8,-40
176.9,-40
177,-40
177.1,-40
174.9,-40.1
175,-40.1
175.1,-40.1
175.2,-40.1
175.3,-40.1
175.4,-40.1
175.5,-40.1
175.6,-40.1
175.7,-40.1
175.8,-40.1
175.9,-40.1
176,-40.1
176.1,-40.1
176.2,-40.1
176.3,-40.1
176.4,-40.1
176.5,-40.1
176.6,-40.1
176.7,-40.1
176.8,-40.1
176.9,-40.1
177,-40.1
177.1,-40.1
175,-40.2
175.1,-40.2
175.2,-40.2
175.3,-40.2
175.4,-40.2
175.5,-40.2
175.6,-40.2
175.7,-40.2
175.8,-40.2
175.9,-40.2
176,-40.2
176.1,-40.2
176.2,-40.2
176.3,-40.2
176.4,-40.2
176.5,-40.2
176.6,-40.2
176.7,-40.2
176.8,-40.2
176.9,-40.2
177,-40.2
175,-40.3
175.1,-40.3
175.2,-40.3
175.3,-40.3
175.4,-40.3
175.5,-40.3
175.6,-40.3
175.7,-40.3
175.8,-40.3
175.9,-40.3
176,-40.3
176.1,-40.3
176.2,-40.3
176.3,-40.3
176.4,-40.3
176.5,-40.3
176.6,-40.3
176.7,-40.3
176.8,-40.3
176.9,-40.3
177,-40.3
172.5,-40.4
172.6,-40.4
172.7,-40.4
172.8,-40.4
172.9,-40.4
173,-40.4
173.1,-40.4
175,-40.4
175.1,-40.4
175.2,-40.4
175.3,-40.4
175.4,-40.4
175.5,-40.4
175.6,-40.4
175.7,-40.4
175.8,-40.4
175.9,-40.4
176,-40.4
176.1,-40.4
176.2,-40.4
176.3,-40.4
176.4,-40.4
176.5,-40.4
176.6,-40.4
176.7,-40.4
176.8,-40.4
172.3,-40.5
172.4,-40.5
172.5,-40.5
172.6,-40.5
172.7,-40.5
172.8,-40.5
172.9,-40.5
173,-40.5
173.1,-40.5
173.2,-40.5
174,-40.5
175,-40.5
175.1,-40.5
175.2,-40.5
175.3,-40.5
175.4,-40.5
175.5,-40.5
175.6,-40.5
175.7,-40.5
175.8,-40.5
175.9,-40.5
176,-40.5
176.1,-40.5
176.2,-40.5
176.3,-40.5
176.4,-40.5
176.5,-40.5
176.6,-40.5
176.7,-40.5
176.8,-40.5
172.2,-40.6
172.3,-40.6
172.4,-40.6
172.5,-40.6
172.6,-40.6
172.7,-40.6
172.8,-40.6
172.9,-40.6
173,-40.6
173.1,-40.6
173.2,-40.6
173.8,-40.6
173.9,-40.6
174,-40.6
174.1,-40.6
174.2,-40.6
175,-40.6
175.1,-40.6
175.2,-40.6
175.3,-40.6
175.4,-40.6
175.5,-40.6
175.6,-40.6
175.7,-40.6
175.8,-40.6
175.9,-40.6
176,-40.6
176.1,-40.6
176.2,-40.6
176.3,-40.6
176.4,-40.6
176.5,-40.6
176.6,-40.6
176.7,-40.6
176.8,-40.6
172,-40.7
172.1,-40.7
172.2,-40.7
172.3,-40.7
172.4,-40.7
172.5,-40.7
172.6,-40.7
172.7,-40.7
172.8,-40.7
172.9,-40.7
173,-40.7
173.1,-40.7
173.2,-40.7
173.7,-40.7
173.8,-40.7
173.9,-40.7
174,-40.7
174.1,-40.7
174.2,-40.7
174.8,-40.7
174.9,-40.7
175,-40.7
175.1,-40.7
175.2,-40.7
175.3,-40.7
175.4,-40.7
175.5,-40.7
175.6,-40.7
175.7,-40.7
175.8,-40.7
175.9,-40.7
176,-40.7
176.1,-40.7
176.2,-40.7
176.3,-40.7
176.4,-40.7
176.5,-40.7
176.6,-40.7
171.9,-40.8
172,-40.8
172.1,-40.8
172.2,-40.8
172.3,-40.8
172.4,-40.8
172.5,-40.8
172.6,-40.8
172.7,-40.8
172.8,-40.8
172.9,-40.8
173,-40.8
173.1,-40.8
173.2,-40.8
173.6,-40.8
173.7,-40.8
173.8,-40.8
173.9,-40.8
174,-40.8
174.1,-40.8
174.2,-40.8
174.3,-40.8
174.7,-40.8
174.8,-40.8
174.9,-40.8
175,-40.8
175.1,-40.8
175.2,-40.8
175.3,-40.8
175.4,-40.8
175.5,-40.8
175.6,-40.8
175.7,-40.8
175.8,-40.8
175.9,-40.8
176,-40.8
176.1,-40.8
176.2,-40.8
176.3,-40.8
176.4,-40.8
176.5,-40.8
171.9,-40.9
172,-40.9
172.1,-40.9
172.2,-40.9
172.3,-40.9
172.4,-40.9
172.5,-40.9
172.6,-40.9
172.7,-40.9
172.8,-40.9
172.9,-40.9
173,-40.9
173.1,-40.9
173.2,-40.9
173.3,-40.9
173.5,-40.9
173.6,-40.9
173.7,-40.9
173.8,-40.9
173.9,-40.9
174,-40.9
174.1,-40.9
174.2,-40.9
174.3,-40.9
174.4,-40.9
174.5,-40.9
174.7,-40.9
174.8,-40.9
174.9,-40.9
175,-40.9
175.1,-40.9
175.2,-40.9
175.3,-40.9
175.4,-40.9
175.5,-40.9
175.6,-40.9
175.7,-40.9
175.8,-40.9
175.9,-40.9
176,-40.9
176.1,-40.9
176.2,-40.9
176.3,-40.9
176.4,-40.9
171.9,-41
172,-41
172.1,-41
172.2,-41
172.3,-41
172.4,-41
172.5,-41
172.6,-41
172.7,-41
172.8,-41
172.9,-41
173,-41
173.1,-41
173.2,-41
173.3,-41
173.4,-41
173.5,-41
173.6,-41
173.7,-41
173.8,-41
173.9,-41
174,-41
174.1,-41
174.2,-41
174.3,-41
174.4,-41
174.5,-41
174.6,-41
174.7,-41
174.8,-41
174.9,-41
175,-41
175.1,-41
175.2,-41
175.3,-41
175.4,-41
175.5,-41
175.6,-41
175.7,-41
175.8,-41
175.9,-41
176,-41
176.1,-41
176.2,-41
176.3,-41
176.4,-41
171.9,-41.1
172,-41.1
172.1,-41.1
172.2,-41.1
172.3,-41.1
172.4,-41.1
172.5,-41.1
172.6,-41.1
172.7,-41.1
172.8,-41.1
172.9,-41.1
173,-41.1
173.1,-41.1
173.2,-41.1
173.3,-41.1
173.4,-41.1
173.5,-41.1
173.6,-41.1
173.7,-41.1
173.8,-41.1
173.9,-41.1
174,-41.1
174.1,-41.1
174.2,-41.1
174.3,-41.1
174.4,-41.1
174.5,-41.1
174.6,-41.1
174.7,-41.1
174.8,-41.1
174.9,-41.1
175,-41.1
175.1,-41.1
175.2,-41.1
175.3,-41.1
175.4,-41.1
175.5,-41.1
175.6,-41.1
175.7,-41.1
175.8,-41.1
175.9,-41.1
176,-41.1
176.1,-41.1
176.2,-41.1
176.3,-41.1
171.9,-41.2
172,-41.2
172.1,-41.2
172.2,-41.2
172.3,-41.2
172.4,-41.2
172.5,-41.2
172.6,-41.2
172.7,-41.2
172.8,-41.2
172.9,-41.2
173,-41.2
173.1,-41.2
173.2,-41.2
173.3,-41.2
173.4,-41.2
173.5,-41.2
173.6,-41.2
173.7,-41.2
173.8,-41.2
173.9,-41.2
174,-41.2
174.1,-41.2
174.2,-41.2
174.3,-41.2
174.4,-41.2
174.5,-41.2
174.6,-41.2
174.7,-41.2
174.8,-41.2
174.9,-41.2
175,-41.2
175.1,-41.2
175.2,-41.2
175.3,-41.2
175.4,-41.2
175.5,-41.2
175.6,-41.2
175.7,-41.2
175.8,-41.2
175.9,-41.2
176,-41.2
176.1,-41.2
176.2,-41.2
171.9,-41.3
172,-41.3
172.1,-41.3
172.2,-41.3
172.3,-41.3
172.4,-41.3
172.5,-41.3
172.6,-41.3
172.7,-41.3
172.8,-41.3
172.9,-41.3
173,-41.3
173.1,-41.3
173.2,-41.3
173.3,-41.3
173.4,-41.3
173.5,-41.3
173.6,-41.3
173.7,-41.3
173.8,-41.3
173.9,-41.3
174,-41.3
174.1,-41.3
174.2,-41.3
174.3,-41.3
174.4,-41.3
174.5,-41.3
174.6,-41.3
174.7,-41.3
174.8,-41.3
174.9,-41.3
175,-41.3
175.1,-41.3
175.2,-41.3
175.3,-41.3
175.4,-41.3
175.5,-41.3
175.6,-41.3
175.7,-41.3
175.8,-41.3
175.9,-41.3
176,-41.3
176.1,-41.3
171.8,-41.4
171.9,-41.4
172,-41.4
172.1,-41.4
172.2,-41.4
172.3,-41.4
172.4,-41.4
172.5,-41.4
172.6,-41.4
172.7,-41.4
172.8,-41.4
172.9,-41.4
173,-41.4
173.1,-41.4
173.2,-41.4
173.3,-41.4
173.4,-41.4
173.5,-41.4
173.6,-41.4
173.7,-41.4
173.8,-41.4
173.9,-41.4
174,-41.4
174.1,-41.4
174.2,-41.4
174.3,-41.4
174.4,-41.4
174.5,-41.4
174.6,-41.4
174.7,-41.4
174.8,-41.4
174.9,-41.4
175,-41.4
175.1,-41.4
175.2,-41.4
175.3,-41.4
175.4,-41.4
175.5,-41.4
175.6,-41.4
175.7,-41.4
175.8,-41.4
175.9,-41.4
176,-41.4
171.7,-41.5
171.8,-41.5
171.9,-41.5
172,-41.5
172.1,-41.5
172.2,-41.5
172.3,-41.5
172.4,-41.5
172.5,-41.5
172.6,-41.5
172.7,-41.5
172.8,-41.5
172.9,-41.5
173,-41.5
173.1,-41.5
173.2,-41.5
173.3,-41.5
173.4,-41.5
173.5,-41.5
173.6,-41.5
173.7,-41.5
173.8,-41.5
173.9,-41.5
174,-41.5
174.1,-41.5
174.2,-41.5
174.3,-41.5
174.6,-41.5
174.7,-41.5
174.8,-41.5
174.9,-41.5
175,-41.5
175.1,-41.5
175.2,-41.5
175.3,-41.5
175.4,-41.5
175.5,-41.5
175.6,-41.5
175.7,-41.5
175.8,-41.5
175.9,-41.5
171.4,-41.6
171.5,-41.6
171.6,-41.6
171.7,-41.6
171.8,-41.6
171.9,-41.6
172,-41.6
172.1,-41.6
172.2,-41.6
172.3,-41.6
172.4,-41.6
172.5,-41.6
172.6,-41.6
172.7,-41.6
172.8,-41.6
172.9,-41.6
173,-41.6
173.1,-41.6
173.2,-41.6
173.3,-41.6
173.4,-41.6
173.5,-41.6
173.6,-41.6
173.7,-41.6
173.8,-41.6
173.9,-41.6
174,-41.6
174.1,-41.6
174.2,-41.6
174.3,-41.6
174.4,-41.6
174.9,-41.6
175,-41.6
175.1,-41.6
175.2,-41.6
175.3,-41.6
175.4,-41.6
175.5,-41.6
175.6,-41.6
175.7,-41.6
171.3,-41.7
171.4,-41.7
171.5,-41.7
171.6,-41.7
171.7,-41.7
171.8,-41.7
171.9,-41.7
172,-41.7
172.1,-41.7
172.2,-41.7
172.3,-41.7
172.4,-41.7
172.5,-41.7
172.6,-41.7
172.7,-41.7
172.8,-41.7
172.9,-41.7
173,-41.7
173.1,-41.7
173.2,-41.7
173.3,-41.7
173.4,-41.7
173.5,-41.7
173.6,-41.7
173.7,-41.7
173.8,-41.7
173.9,-41.7
174,-41.7
174.1,-41.7
174.2,-41.7
174.3,-41.7
174.4,-41.7
174.5,-41.7
175.1,-41.7
175.2,-41.7
175.3,-41.7
175.4,-41.7
175.5,-41.7
175.6,-41.7
171.3,-41.8
171.4,-41.8
171.5,-41.8
171.6,-41.8
171.7,-41.8
171.8,-41.8
171.9,-41.8
172,-41.8
172.1,-41.8
172.2,-41.8
172.3,-41.8
172.4,-41.8
172.5,-41.8
172.6,-41.8
172.7,-41.8
172.8,-41.8
172.9,-41.8
173,-41.8
173.1,-41.8
173.2,-41.8
173.3,-41.8
173.4,-41.8
173.5,-41.8
173.6,-41.8
173.7,-41.8
173.8,-41.8
173.9,-41.8
174,-41.8
174.1,-41.8
174.2,-41.8
174.3,-41.8
174.4,-41.8
174.5,-41.8
171.2,-41.9
171.3,-41.9
171.4,-41.9
171.5,-41.9
171.6,-41.9
171.7,-41.9
171.8,-41.9
171.9,-41.9
172,-41.9
172.1,-41.9
172.2,-41.9
172.3,-41.9
172.4,-41.9
172.5,-41.9
172.6,-41.9
172.7,-41.9
172.8,-41.9
172.9,-41.9
173,-41.9
173.1,-41.9
173.2,-41.9
173.3,-41.9
173.4,-41.9
173.5,-41.9
173.6,-41.9
173.7,-41.9
173.8,-41.9
173.9,-41.9
174,-41.9
174.1,-41.9
174.2,-41.9
174.3,-41.9
174.4,-41.9
171.2,-42
171.3,-42
171.4,-42
171.5,-42
171.6,-42
171.7,-42
171.8,-42
171.9,-42
172,-42
172.1,-42
172.2,-42
172.3,-42
172.4,-42
172.5,-42
172.6,-42
172.7,-42
172.8,-42
172.9,-42
173,-42
173.1,-42
173.2,-42
173.3,-42
173.4,-42
173.5,-42
173.6,-42
173.7,-42
173.8,-42
173.9,-42
174,-42
174.1,-42
174.2,-42
174.3,-42
171.1,-42.1
171.2,-42.1
171.3,-42.1
171.4,-42.1
171.5,-42.1
171.6,-42.1
171.7,-42.1
171.8,-42.1
171.9,-42.1
172,-42.1
172.1,-42.1
172.2,-42.1
172.3,-42.1
172.4,-42.1
172.5,-42.1
172.6,-42.1
172.7,-42.1
172.8,-42.1
172.9,-42.1
173,-42.1
173.1,-42.1
173.2,-42.1
173.3,-42.1
173.4,-42.1
173.5,-42.1
173.6,-42.1
173.7,-42.1
173.8,-42.1
173.9,-42.1
174,-42.1
174.1,-42.1
174.2,-42.1
171.1,-42.2
171.2,-42.2
171.3,-42.2
171.4,-42.2
171.5,-42.2
171.6,-42.2
171.7,-42.2
171.8,-42.2
171.9,-42.2
172,-42.2
172.1,-42.2
172.2,-42.2
172.3,-42.2
172.4,-42.2
172.5,-42.2
172.6,-42.2
172.7,-42.2
172.8,-42.2
172.9,-42.2
173,-42.2
173.1,-42.2
173.2,-42.2
173.3,-42.2
173.4,-42.2
173.5,-42.2
173.6,-42.2
173.7,-42.2
173.8,-42.2
173.9,-42.2
174,-42.2
174.1,-42.2
171.1,-42.3
171.2,-42.3
171.3,-42.3
171.4,-42.3
171.5,-42.3
171.6,-42.3
171.7,-42.3
171.8,-42.3
171.9,-42.3
172,-42.3
172.1,-42.3
172.2,-42.3
172.3,-42.3
172.4,-42.3
172.5,-42.3
172.6,-42.3
172.7,-42.3
172.8,-42.3
172.9,-42.3
173,-42.3
173.1,-42.3
173.2,-42.3
173.3,-42.3
173.4,-42.3
173.5,-42.3
173.6,-42.3
173.7,-42.3
173.8,-42.3
173.9,-42.3
174,-42.3
171,-42.4
171.1,-42.4
171.2,-42.4
171.3,-42.4
171.4,-42.4
171.5,-42.4
171.6,-42.4
171.7,-42.4
171.8,-42.4
171.9,-42.4
172,-42.4
172.1,-42.4
172.2,-42.4
172.3,-42.4
172.4,-42.4
172.5,-42.4
172.6,-42.4
172.7,-42.4
172.8,-42.4
172.9,-42.4
173,-42.4
173.1,-42.4
173.2,-42.4
173.3,-42.4
173.4,-42.4
173.5,-42.4
173.6,-42.4
173.7,-42.4
173.8,-42.4
173.9,-42.4
170.9,-42.5
171,-42.5
171.1,-42.5
171.2,-42.5
171.3,-42.5
171.4,-42.5
171.5,-42.5
171.6,-42.5
171.7,-42.5
171.8,-42.5
171.9,-42.5
172,-42.5
172.1,-42.5
172.2,-42.5
172.3,-42.5
172.4,-42.5
172.5,-42.5
172.6,-42.5
172.7,-42.5
172.8,-42.5
172.9,-42.5
173,-42.5
173.1,-42.5
173.2,-42.5
173.3,-42.5
173.4,-42.5
173.5,-42.5
173.6,-42.5
173.7,-42.5
173.8,-42.5
173.9,-42.5
170.8,-42.6
170.9,-42.6
171,-42.6
171.1,-42.6
171.2,-42.6
171.3,-42.6
171.4,-42.6
171.5,-42.6
171.6,-42.6
171.7,-42.6
171.8,-42.6
171.9,-42.6
172,-42.6
172.1,-42.6
172.2,-42.6
172.3,-42.6
172.4,-42.6
172.5,-42.6
172.6,-42.6
172.7,-42.6
172.8,-42.6
172.9,-42.6
173,-42.6
173.1,-42.6
173.2,-42.6
173.3,-42.6
173.4,-42.6
173.5,-42.6
173.6,-42.6
173.7,-42.6
170.7,-42.7
170.8,-42.7
170.9,-42.7
171,-42.7
171.1,-42.7
171.2,-42.7
171.3,-42.7
171.4,-42.7
171.5,-42.7
171.6,-42.7
171.7,-42.7
171.8,-42.7
171.9,-42.7
172,-42.7
172.1,-42.7
172.2,-42.7
172.3,-42.7
172.4,-42.7
172.5,-42.7
172.6,-42.7
172.7,-42.7
172.8,-42.7
172.9,-42.7
173,-42.7
173.1,-42.7
173.2,-42.7
173.3,-42.7
173.4,-42.7
173.5,-42.7
173.6,-42.7
170.6,-42.8
170.7,-42.8
170.8,-42.8
170.9,-42.8
171,-42.8
171.1,-42.8
171.2,-42.8
171.3,-42.8
171.4,-42.8
171.5,-42.8
171.6,-42.8
171.7,-42.8
171.8,-42.8
171.9,-42.8
172,-42.8
172.1,-42.8
172.2,-42.8
172.3,-42.8
172.4,-42.8
172.5,-42.8
172.6,-42.8
172.7,-42.8
172.8,-42.8
172.9,-42.8
173,-42.8
173.1,-42.8
173.2,-42.8
173.3,-42.8
173.4,-42.8
173.5,-42.8
173.6,-42.8
170.3,-42.9
170.4,-42.9
170.5,-42.9
170.6,-42.9
170.7,-42.9
170.8,-42.9
170.9,-42.9
171,-42.9
171.1,-42.9
171.2,-42.9
171.3,-42.9
171.4,-42.9
171.5,-42.9
171.6,-42.9
171.7,-42.9
171.8,-42.9
171.9,-42.9
172,-42.9
172.1,-42.9
172.2,-42.9
172.3,-42.9
172.4,-42.9
172.5,-42.9
172.6,-42.9
172.7,-42.9
172.8,-42.9
172.9,-42.9
173,-42.9
173.1,-42.9
173.2,-42.9
173.3,-42.9
173.4,-42.9
173.5,-42.9
170.1,-43
170.2,-43
170.3,-43
170.4,-43
170.5,-43
170.6,-43
170.7,-43
170.8,-43
170.9,-43
171,-43
171.1,-43
171.2,-43
171.3,-43
171.4,-43
171.5,-43
171.6,-43
171.7,-43
171.8,-43
171.9,-43
172,-43
172.1,-43
172.2,-43
172.3,-43
172.4,-43
172.5,-43
172.6,-43
172.7,-43
172.8,-43
172.9,-43
173,-43
173.1,-43
173.2,-43
173.3,-43
173.4,-43
173.5,-43
170,-43.1
170.1,-43.1
170.2,-43.1
170.3,-43.1
170.4,-43.1
170.5,-43.1
170.6,-43.1
170.7,-43.1
170.8,-43.1
170.9,-43.1
171,-43.1
171.1,-43.1
171.2,-43.1
171.3,-43.1
171.4,-43.1
171.5,-43.1
171.6,-43.1
171.7,-43.1
171.8,-43.1
171.9,-43.1
172,-43.1
172.1,-43.1
172.2,-43.1
172.3,-43.1
172.4,-43.1
172.5,-43.1
172.6,-43.1
172.7,-43.1
172.8,-43.1
172.9,-43.1
173,-43.1
173.1,-43.1
173.2,-43.1
173.3,-43.1
169.9,-43.2
170,-43.2
170.1,-43.2
170.2,-43.2
170.3,-43.2
170.4,-43.2
170.5,-43.2
170.6,-43.2
170.7,-43.2
170.8,-43.2
170.9,-43.2
171,-43.2
171.1,-43.2
171.2,-43.2
171.3,-43.2
171.4,-43.2
171.5,-43.2
171.6,-43.2
171.7,-43.2
171.8,-43.2
171.9,-43.2
172,-43.2
172.1,-43.2
172.2,-43.2
172.3,-43.2
172.4,-43.2
172.5,-43.2
172.6,-43.2
172.7,-43.2
172.8,-43.2
172.9,-43.2
173,-43.2
173.1,-43.2
173.2,-43.2
169.7,-43.3
169.8,-43.3
169.9,-43.3
170,-43.3
170.1,-43.3
170.2,-43.3
170.3,-43.3
170.4,-43.3
170.5,-43.3
170.6,-43.3
170.7,-43.3
170.8,-43.3
170.9,-43.3
171,-43.3
171.1,-43.3
171.2,-43.3
171.3,-43.3
171.4,-43.3
171.5,-43.3
171.6,-43.3
171.7,-43.3
171.8,-43.3
171.9,-43.3
172,-43.3
172.1,-43.3
172.2,-43.3
172.3,-43.3
172.4,-43.3
172.5,-43.3
172.6,-43.3
172.7,-43.3
172.8,-43.3
172.9,-43.3
169.6,-43.4
169.7,-43.4
169.8,-43.4
169.9,-43.4
170,-43.4
170.1,-43.4
170.2,-43.4
170.3,-43.4
170.4,-43.4
170.5,-43.4
170.6,-43.4
170.7,-43.4
170.8,-43.4
170.9,-43.4
171,-43.4
171.1,-43.4
171.2,-43.4
171.3,-43.4
171.4,-43.4
171.5,-43.4
171.6,-43.4
171.7,-43.4
171.8,-43.4
171.9,-43.4
172,-43.4
172.1,-43.4
172.2,-43.4
172.3,-43.4
172.4,-43.4
172.5,-43.4
172.6,-43.4
172.7,-43.4
172.8,-43.4
172.9,-43.4
169.3,-43.5
169.4,-43.5
169.5,-43.5
169.6,-43.5
169.7,-43.5
169.8,-43.5
169.9,-43.5
170,-43.5
170.1,-43.5
170.2,-43.5
170.3,-43.5
170.4,-43.5
170.5,-43.5
170.6,-43.5
170.7,-43.5
170.8,-43.5
170.9,-43.5
171,-43.5
171.1,-43.5
171.2,-43.5
171.3,-43.5
171.4,-43.5
171.5,-43.5
171.6,-43.5
171.7,-43.5
171.8,-43.5
171.9,-43.5
172,-43.5
172.1,-43.5
172.2,-43.5
172.3,-43.5
172.4,-43.5
172.5,-43.5
172.6,-43.5
172.7,-43.5
172.8,-43.5
172.9,-43.5
173,-43.5
173.1,-43.5
169.1,-43.6
169.2,-43.6
169.3,-43.6
169.4,-43.6
169.5,-43.6
169.6,-43.6
169.7,-43.6
169.8,-43.6
169.9,-43.6
170,-43.6
170.1,-43.6
170.2,-43.6
170.3,-43.6
170.4,-43.6
170.5,-43.6
170.6,-43.6
170.7,-43.6
170.8,-43.6
170.9,-43.6
171,-43.6
171.1,-43.6
171.2,-43.6
171.3,-43.6
171.4,-43.6
171.5,-43.6
171.6,-43.6
171.7,-43.6
171.8,-43.6
171.9,-43.6
172,-43.6
172.1,-43.6
172.2,-43.6
172.3,-43.6
172.4,-43.6
172.5,-43.6
172.6,-43.6
172.7,-43.6
172.8,-43.6
172.9,-43.6
173,-43.6
173.1,-43.6
173.2,-43.6
173.3,-43.6
168.8,-43.7
168.9,-43.7
169,-43.7
169.1,-43.7
169.2,-43.7
169.3,-43.7
169.4,-43.7
169.5,-43.7
169.6,-43.7
169.7,-43.7
169.8,-43.7
169.9,-43.7
170,-43.7
170.1,-43.7
170.2,-43.7
170.3,-43.7
170.4,-43.7
170.5,-43.7
170.6,-43.7
170.7,-43.7
170.8,-43.7
170.9,-43.7
171,-43.7
171.1,-43.7
171.2,-43.7
171.3,-43.7
171.4,-43.7
171.5,-43.7
171.6,-43.7
171.7,-43.7
171.8,-43.7
171.9,-43.7
172,-43.7
172.1,-43.7
172.2,-43.7
172.3,-43.7
172.4,-43.7
172.5,-43.7
172.6,-43.7
172.7,-43.7
172.8,-43.7
172.9,-43.7
173,-43.7
173.1,-43.7
173.2,-43.7
173.3,-43.7
168.5,-43.8
168.6,-43.8
168.7,-43.8
168.8,-43.8
168.9,-43.8
169,-43.8
169.1,-43.8
169.2,-43.8
169.3,-43.8
169.4,-43.8
169.5,-43.8
169.6,-43.8
169.7,-43.8
169.8,-43.8
169.9,-43.8
170,-43.8
170.1,-43.8
170.2,-43.8
170.3,-43.8
170.4,-43.8
170.5,-43.8
170.6,-43.8
170.7,-43.8
170.8,-43.8
170.9,-43.8
171,-43.8
171.1,-43.8
171.2,-43.8
171.3,-43.8
171.4,-43.8
171.5,-43.8
171.6,-43.8
171.7,-43.8
171.8,-43.8
171.9,-43.8
172,-43.8
172.1,-43.8
172.2,-43.8
172.3,-43.8
172.4,-43.8
172.5,-43.8
172.6,-43.8
172.7,-43.8
172.8,-43.8
172.9,-43.8
173,-43.8
173.1,-43.8
173.2,-43.8
173.3,-43.8
168.2,-43.9
168.3,-43.9
168.4,-43.9
168.5,-43.9
168.6,-43.9
168.7,-43.9
168.8,-43.9
168.9,-43.9
169,-43.9
169.1,-43.9
169.2,-43.9
169.3,-43.9
169.4,-43.9
169.5,-43.9
169.6,-43.9
169.7,-43.9
169.8,-43.9
169.9,-43.9
170,-43.9
170.1,-43.9
170.2,-43.9
170.3,-43.9
170.4,-43.9
170.5,-43.9
170.6,-43.9
170.7,-43.9
170.8,-43.9
170.9,-43.9
171,-43.9
171.1,-43.9
171.2,-43.9
171.3,-43.9
171.4,-43.9
171.5,-43.9
171.6,-43.9
171.7,-43.9
171.8,-43.9
171.9,-43.9
172,-43.9
172.1,-43.9
172.2,-43.9
172.3,-43.9
172.4,-43.9
172.5,-43.9
172.6,-43.9
172.7,-43.9
172.8,-43.9
172.9,-43.9
173,-43.9
173.1,-43.9
173.2,-43.9
173.3,-43.9
168.1,-44
168.2,-44
168.3,-44
168.4,-44
168.5,-44
168.6,-44
168.7,-44
168.8,-44
168.9,-44
169,-44
169.1,-44
169.2,-44
169.3,-44
169.4,-44
169.5,-44
169.6,-44
169.7,-44
169.8,-44
169.9,-44
170,-44
170.1,-44
170.2,-44
170.3,-44
170.4,-44
170.5,-44
170.6,-44
170.7,-44
170.8,-44
170.9,-44
171,-44
171.1,-44
171.2,-44
171.3,-44
171.4,-44
171.5,-44
171.6,-44
171.7,-44
171.8,-44
171.9,-44
172,-44
172.1,-44
172.2,-44
172.3,-44
172.4,-44
172.5,-44
172.6,-44
172.7,-44
172.8,-44
172.9,-44
173,-44
173.1,-44
173.2,-44
168,-44.1
168.1,-44.1
168.2,-44.1
168.3,-44.1
168.4,-44.1
168.5,-44.1
168.6,-44.1
168.7,-44.1
168.8,-44.1
168.9,-44.1
169,-44.1
169.1,-44.1
169.2,-44.1
169.3,-44.1
169.4,-44.1
169.5,-44.1
169.6,-44.1
169.7,-44.1
169.8,-44.1
169.9,-44.1
170,-44.1
170.1,-44.1
170.2,-44.1
170.3,-44.1
170.4,-44.1
170.5,-44.1
170.6,-44.1
170.7,-44.1
170.8,-44.1
170.9,-44.1
171,-44.1
171.1,-44.1
171.2,-44.1
171.3,-44.1
171.4,-44.1
171.5,-44.1
171.6,-44.1
171.7,-44.1
171.8,-44.1
171.9,-44.1
172,-44.1
172.1,-44.1
167.9,-44.2
168,-44.2
168.1,-44.2
168.2,-44.2
168.3,-44.2
168.4,-44.2
168.5,-44.2
168.6,-44.2
168.7,-44.2
168.8,-44.2
168.9,-44.2
169,-44.2
169.1,-44.2
169.2,-44.2
169.3,-44.2
169.4,-44.2
169.5,-44.2
169.6,-44.2
169.7,-44.2
169.8,-44.2
169.9,-44.2
170,-44.2
170.1,-44.2
170.2,-44.2
170.3,-44.2
170.4,-44.2
170.5,-44.2
170.6,-44.2
170.7,-44.2
170.8,-44.2
170.9,-44.2
171,-44.2
171.1,-44.2
171.2,-44.2
171.3,-44.2
171.4,-44.2
171.5,-44.2
171.6,-44.2
171.7,-44.2
171.8,-44.2
171.9,-44.2
167.8,-44.3
167.9,-44.3
168,-44.3
168.1,-44.3
168.2,-44.3
168.3,-44.3
168.4,-44.3
168.5,-44.3
168.6,-44.3
168.7,-44.3
168.8,-44.3
168.9,-44.3
169,-44.3
169.1,-44.3
169.2,-44.3
169.3,-44.3
169.4,-44.3
169.5,-44.3
169.6,-44.3
169.7,-44.3
169.8,-44.3
169.9,-44.3
170,-44.3
170.1,-44.3
170.2,-44.3
170.3,-44.3
170.4,-44.3
170.5,-44.3
170.6,-44.3
170.7,-44.3
170.8,-44.3
170.9,-44.3
171,-44.3
171.1,-44.3
171.2,-44.3
171.3,-44.3
171.4,-44.3
171.5,-44.3
171.6,-44.3
171.7,-44.3
167.7,-44.4
167.8,-44.4
167.9,-44.4
168,-44.4
168.1,-44.4
168.2,-44.4
168.3,-44.4
168.4,-44.4
168.5,-44.4
168.6,-44.4
168.7,-44.4
168.8,-44.4
168.9,-44.4
169,-44.4
169.1,-44.4
169.2,-44.4
169.3,-44.4
169.4,-44.4
169.5,-44.4
169.6,-44.4
169.7,-44.4
169.8,-44.4
169.9,-44.4
170,-44.4
170.1,-44.4
170.2,-44.4
170.3,-44.4
170.4,-44.4
170.5,-44.4
170.6,-44.4
170.7,-44.4
170.8,-44.4
170.9,-44.4
171,-44.4
171.1,-44.4
171.2,-44.4
171.3,-44.4
171.4,-44.4
171.5,-44.4
167.5,-44.5
167.6,-44.5
167.7,-44.5
167.8,-44.5
167.9,-44.5
168,-44.5
168.1,-44.5
168.2,-44.5
168.3,-44.5
168.4,-44.5
168.5,-44.5
168.6,-44.5
168.7,-44.5
168.8,-44.5
168.9,-44.5
169,-44.5
169.1,-44.5
169.2,-44.5
169.3,-44.5
169.4,-44.5
169.5,-44.5
169.6,-44.5
169.7,-44.5
169.8,-44.5
169.9,-44.5
170,-44.5
170.1,-44.5
170.2,-44.5
170.3,-44.5
170.4,-44.5
170.5,-44.5
170.6,-44.5
170.7,-44.5
170.8,-44.5
170.9,-44.5
171,-44.5
171.1,-44.5
171.2,-44.5
171.3,-44.5
171.4,-44.5
167.4,-44.6
167.5,-44.6
167.6,-44.6
167.7,-44.6
167.8,-44.6
167.9,-44.6
168,-44.6
168.1,-44.6
168.2,-44.6
168.3,-44.6
168.4,-44.6
168.5,-44.6
168.6,-44.6
168.7,-44.6
168.8,-44.6
168.9,-44.6
169,-44.6
169.1,-44.6
169.2,-44.6
169.3,-44.6
169.4,-44.6
169.5,-44.6
169.6,-44.6
169.7,-44.6
169.8,-44.6
169.9,-44.6
170,-44.6
170.1,-44.6
170.2,-44.6
170.3,-44.6
170.4,-44.6
170.5,-44.6
170.6,-44.6
170.7,-44.6
170.8,-44.6
170.9,-44.6
171,-44.6
171.1,-44.6
171.2,-44.6
171.3,-44.6
171.4,-44.6
167.2,-44.7
167.3,-44.7
167.4,-44.7
167.5,-44.7
167.6,-44.7
167.7,-44.7
167.8,-44.7
167.9,-44.7
168,-44.7
168.1,-44.7
168.2,-44.7
168.3,-44.7
168.4,-44.7
168.5,-44.7
168.6,-44.7
168.7,-44.7
168.8,-44.7
168.9,-44.7
169,-44.7
169.1,-44.7
169.2,-44.7
169.3,-44.7
169.4,-44.7
169.5,-44.7
169.6,-44.7
169.7,-44.7
169.8,-44.7
169.9,-44.7
170,-44.7
170.1,-44.7
170.2,-44.7
170.3,-44.7
170.4,-44.7
170.5,-44.7
170.6,-44.7
170.7,-44.7
170.8,-44.7
170.9,-44.7
171,-44.7
171.1,-44.7
171.2,-44.7
171.3,-44.7
171.4,-44.7
167.1,-44.8
167.2,-44.8
167.3,-44.8
167.4,-44.8
167.5,-44.8
167.6,-44.8
167.7,-44.8
167.8,-44.8
167.9,-44.8
168,-44.8
168.1,-44.8
168.2,-44.8
168.3,-44.8
168.4,-44.8
168.5,-44.8
168.6,-44.8
168.7,-44.8
168.8,-44.8
168.9,-44.8
169,-44.8
169.1,-44.8
169.2,-44.8
169.3,-44.8
169.4,-44.8
169.5,-44.8
169.6,-44.8
169.7,-44.8
169.8,-44.8
169.9,-44.8
170,-44.8
170.1,-44.8
170.2,-44.8
170.3,-44.8
170.4,-44.8
170.5,-44.8
170.6,-44.8
170.7,-44.8
170.8,-44.8
170.9,-44.8
171,-44.8
171.1,-44.8
171.2,-44.8
171.3,-44.8
171.4,-44.8
167,-44.9
167.1,-44.9
167.2,-44.9
167.3,-44.9
167.4,-44.9
167.5,-44.9
167.6,-44.9
167.7,-44.9
167.8,-44.9
167.9,-44.9
168,-44.9
168.1,-44.9
168.2,-44.9
168.3,-44.9
168.4,-44.9
168.5,-44.9
168.6,-44.9
168.7,-44.9
168.8,-44.9
168.9,-44.9
169,-44.9
169.1,-44.9
169.2,-44.9
169.3,-44.9
169.4,-44.9
169.5,-44.9
169.6,-44.9
169.7,-44.9
169.8,-44.9
169.9,-44.9
170,-44.9
170.1,-44.9
170.2,-44.9
170.3,-44.9
170.4,-44.9
170.5,-44.9
170.6,-44.9
170.7,-44.9
170.8,-44.9
170.9,-44.9
171,-44.9
171.1,-44.9
171.2,-44.9
171.3,-44.9
171.4,-44.9
166.9,-45
167,-45
167.1,-45
167.2,-45
167.3,-45
167.4,-45
167.5,-45
167.6,-45
167.7,-45
167.8,-45
167.9,-45
168,-45
168.1,-45
168.2,-45
168.3,-45
168.4,-45
168.5,-45
168.6,-45
168.7,-45
168.8,-45
168.9,-45
169,-45
169.1,-45
169.2,-45
169.3,-45
169.4,-45
169.5,-45
169.6,-45
169.7,-45
169.8,-45
169.9,-45
170,-45
170.1,-45
170.2,-45
170.3,-45
170.4,-45
170.5,-45
170.6,-45
170.7,-45
170.8,-45
170.9,-45
171,-45
171.1,-45
171.2,-45
171.3,-45
166.7,-45.1
166.8,-45.1
166.9,-45.1
167,-45.1
167.1,-45.1
167.2,-45.1
167.3,-45.1
167.4,-45.1
167.5,-45.1
167.6,-45.1
167.7,-45.1
167.8,-45.1
167.9,-45.1
168,-45.1
168.1,-45.1
168.2,-45.1
168.3,-45.1
168.4,-45.1
168.5,-45.1
168.6,-45.1
168.7,-45.1
168.8,-45.1
168.9,-45.1
169,-45.1
169.1,-45.1
169.2,-45.1
169.3,-45.1
169.4,-45.1
169.5,-45.1
169.6,-45.1
169.7,-45.1
169.8,-45.1
169.9,-45.1
170,-45.1
170.1,-45.1
170.2,-45.1
170.3,-45.1
170.4,-45.1
170.5,-45.1
170.6,-45.1
170.7,-45.1
170.8,-45.1
170.9,-45.1
171,-45.1
171.1,-45.1
171.2,-45.1
171.3,-45.1
166.7,-45.2
166.8,-45.2
166.9,-45.2
167,-45.2
167.1,-45.2
167.2,-45.2
167.3,-45.2
167.4,-45.2
167.5,-45.2
167.6,-45.2
167.7,-45.2
167.8,-45.2
167.9,-45.2
168,-45.2
168.1,-45.2
168.2,-45.2
168.3,-45.2
168.4,-45.2
168.5,-45.2
168.6,-45.2
168.7,-45.2
168.8,-45.2
168.9,-45.2
169,-45.2
169.1,-45.2
169.2,-45.2
169.3,-45.2
169.4,-45.2
169.5,-45.2
169.6,-45.2
169.7,-45.2
169.8,-45.2
169.9,-45.2
170,-45.2
170.1,-45.2
170.2,-45.2
170.3,-45.2
170.4,-45.2
170.5,-45.2
170.6,-45.2
170.7,-45.2
170.8,-45.2
170.9,-45.2
171,-45.2
171.1,-45.2
171.2,-45.2
166.6,-45.3
166.7,-45.3
166.8,-45.3
166.9,-45.3
167,-45.3
167.1,-45.3
167.2,-45.3
167.3,-45.3
167.4,-45.3
167.5,-45.3
167.6,-45.3
167.7,-45.3
167.8,-45.3
167.9,-45.3
168,-45.3
168.1,-45.3
168.2,-45.3
168.3,-45.3
168.4,-45.3
168.5,-45.3
168.6,-45.3
168.7,-45.3
168.8,-45.3
168.9,-45.3
169,-45.3
169.1,-45.3
169.2,-45.3
169.3,-45.3
169.4,-45.3
169.5,-45.3
169.6,-45.3
169.7,-45.3
169.8,-45.3
169.9,-45.3
170,-45.3
170.1,-45.3
170.2,-45.3
170.3,-45.3
170.4,-45.3
170.5,-45.3
170.6,-45.3
170.7,-45.3
170.8,-45.3
170.9,-45.3
171,-45.3
171.1,-45.3
166.5,-45.4
166.6,-45.4
166.7,-45.4
166.8,-45.4
166.9,-45.4
167,-45.4
167.1,-45.4
167.2,-45.4
167.3,-45.4
167.4,-45.4
167.5,-45.4
167.6,-45.4
167.7,-45.4
167.8,-45.4
167.9,-45.4
168,-45.4
168.1,-45.4
168.2,-45.4
168.3,-45.4
168.4,-45.4
168.5,-45.4
168.6,-45.4
168.7,-45.4
168.8,-45.4
168.9,-45.4
169,-45.4
169.1,-45.4
169.2,-45.4
169.3,-45.4
169.4,-45.4
169.5,-45.4
169.6,-45.4
169.7,-45.4
169.8,-45.4
169.9,-45.4
170,-45.4
170.1,-45.4
170.2,-45.4
170.3,-45.4
170.4,-45.4
170.5,-45.4
170.6,-45.4
170.7,-45.4
170.8,-45.4
170.9,-45.4
171,-45.4
171.1,-45.4
166.4,-45.5
166.5,-45.5
166.6,-45.5
166.7,-45.5
166.8,-45.5
166.9,-45.5
167,-45.5
167.1,-45.5
167.2,-45.5
167.3,-45.5
167.4,-45.5
167.5,-45.5
167.6,-45.5
167.7,-45.5
167.8,-45.5
167.9,-45.5
168,-45.5
168.1,-45.5
168.2,-45.5
168.3,-45.5
168.4,-45.5
168.5,-45.5
168.6,-45.5
168.7,-45.5
168.8,-45.5
168.9,-45.5
169,-45.5
169.1,-45.5
169.2,-45.5
169.3,-45.5
169.4,-45.5
169.5,-45.5
169.6,-45.5
169.7,-45.5
169.8,-45.5
169.9,-45.5
170,-45.5
170.1,-45.5
170.2,-45.5
170.3,-45.5
170.4,-45.5
170.5,-45.5
170.6,-45.5
170.7,-45.5
170.8,-45.5
170.9,-45.5
171,-45.5
166.3,-45.6
166.4,-45.6
166.5,-45.6
166.6,-45.6
166.7,-45.6
166.8,-45.6
166.9,-45.6
167,-45.6
167.1,-45.6
167.2,-45.6
167.3,-45.6
167.4,-45.6
167.5,-45.6
167.6,-45.6
167.7,-45.6
167.8,-45.6
167.9,-45.6
168,-45.6
168.1,-45.6
168.2,-45.6
168.3,-45.6
168.4,-45.6
168.5,-45.6
168.6,-45.6
168.7,-45.6
168.8,-45.6
168.9,-45.6
169,-45.6
169.1,-45.6
169.2,-45.6
169.3,-45.6
169.4,-45.6
169.5,-45.6
169.6,-45.6
169.7,-45.6
169.8,-45.6
169.9,-45.6
170,-45.6
170.1,-45.6
170.2,-45.6
170.3,-45.6
170.4,-45.6
170.5,-45.6
170.6,-45.6
170.7,-45.6
170.8,-45.6
170.9,-45.6
171,-45.6
166.2,-45.7
166.3,-45.7
166.4,-45.7
166.5,-45.7
166.6,-45.7
166.7,-45.7
166.8,-45.7
166.9,-45.7
167,-45.7
167.1,-45.7
167.2,-45.7
167.3,-45.7
167.4,-45.7
167.5,-45.7
167.6,-45.7
167.7,-45.7
167.8,-45.7
167.9,-45.7
168,-45.7
168.1,-45.7
168.2,-45.7
168.3,-45.7
168.4,-45.7
168.5,-45.7
168.6,-45.7
168.7,-45.7
168.8,-45.7
168.9,-45.7
169,-45.7
169.1,-45.7
169.2,-45.7
169.3,-45.7
169.4,-45.7
169.5,-45.7
169.6,-45.7
169.7,-45.7
169.8,-45.7
169.9,-45.7
170,-45.7
170.1,-45.7
170.2,-45.7
170.3,-45.7
170.4,-45.7
170.5,-45.7
170.6,-45.7
170.7,-45.7
170.8,-45.7
170.9,-45.7
166.2,-45.8
166.3,-45.8
166.4,-45.8
166.5,-45.8
166.6,-45.8
166.7,-45.8
166.8,-45.8
166.9,-45.8
167,-45.8
167.1,-45.8
167.2,-45.8
167.3,-45.8
167.4,-45.8
167.5,-45.8
167.6,-45.8
167.7,-45.8
167.8,-45.8
167.9,-45.8
168,-45.8
168.1,-45.8
168.2,-45.8
168.3,-45.8
168.4,-45.8
168.5,-45.8
168.6,-45.8
168.7,-45.8
168.8,-45.8
168.9,-45.8
169,-45.8
169.1,-45.8
169.2,-45.8
169.3,-45.8
169.4,-45.8
169.5,-45.8
169.6,-45.8
169.7,-45.8
169.8,-45.8
169.9,-45.8
170,-45.8
170.1,-45.8
170.2,-45.8
170.3,-45.8
170.4,-45.8
170.5,-45.8
170.6,-45.8
170.7,-45.8
170.8,-45.8
170.9,-45.8
171,-45.8
166.2,-45.9
166.3,-45.9
166.4,-45.9
166.5,-45.9
166.6,-45.9
166.7,-45.9
166.8,-45.9
166.9,-45.9
167,-45.9
167.1,-45.9
167.2,-45.9
167.3,-45.9
167.4,-45.9
167.5,-45.9
167.6,-45.9
167.7,-45.9
167.8,-45.9
167.9,-45.9
168,-45.9
168.1,-45.9
168.2,-45.9
168.3,-45.9
168.4,-45.9
168.5,-45.9
168.6,-45.9
168.7,-45.9
168.8,-45.9
168.9,-45.9
169,-45.9
169.1,-45.9
169.2,-45.9
169.3,-45.9
169.4,-45.9
169.5,-45.9
169.6,-45.9
169.7,-45.9
169.8,-45.9
169.9,-45.9
170,-45.9
170.1,-45.9
170.2,-45.9
170.3,-45.9
170.4,-45.9
170.5,-45.9
170.6,-45.9
170.7,-45.9
170.8,-45.9
170.9,-45.9
171,-45.9
166.2,-46
166.3,-46
166.4,-46
166.5,-46
166.6,-46
166.7,-46
166.8,-46
166.9,-46
167,-46
167.1,-46
167.2,-46
167.3,-46
167.4,-46
167.5,-46
167.6,-46
167.7,-46
167.8,-46
167.9,-46
168,-46
168.1,-46
168.2,-46
168.3,-46
168.4,-46
168.5,-46
168.6,-46
168.7,-46
168.8,-46
168.9,-46
169,-46
169.1,-46
169.2,-46
169.3,-46
169.4,-46
169.5,-46
169.6,-46
169.7,-46
169.8,-46
169.9,-46
170,-46
170.1,-46
170.2,-46
170.3,-46
170.4,-46
170.5,-46
170.6,-46
170.7,-46
170.8,-46
170.9,-46
166.3,-46.1
166.4,-46.1
166.5,-46.1
166.6,-46.1
166.7,-46.1
166.8,-46.1
166.9,-46.1
167,-46.1
167.1,-46.1
167.2,-46.1
167.3,-46.1
167.4,-46.1
167.5,-46.1
167.6,-46.1
167.7,-46.1
167.8,-46.1
167.9,-46.1
168,-46.1
168.1,-46.1
168.2,-46.1
168.3,-46.1
168.4,-46.1
168.5,-46.1
168.6,-46.1
168.7,-46.1
168.8,-46.1
168.9,-46.1
169,-46.1
169.1,-46.1
169.2,-46.1
169.3,-46.1
169.4,-46.1
169.5,-46.1
169.6,-46.1
169.7,-46.1
169.8,-46.1
169.9,-46.1
170,-46.1
170.1,-46.1
170.2,-46.1
170.3,-46.1
170.4,-46.1
170.5,-46.1
166.4,-46.2
166.5,-46.2
166.6,-46.2
166.7,-46.2
166.8,-46.2
166.9,-46.2
167,-46.2
167.1,-46.2
167.2,-46.2
167.3,-46.2
167.4,-46.2
167.5,-46.2
167.6,-46.2
167.7,-46.2
167.8,-46.2
167.9,-46.2
168,-46.2
168.1,-46.2
168.2,-46.2
168.3,-46.2
168.4,-46.2
168.5,-46.2
168.6,-46.2
168.7,-46.2
168.8,-46.2
168.9,-46.2
169,-46.2
169.1,-46.2
169.2,-46.2
169.3,-46.2
169.4,-46.2
169.5,-46.2
169.6,-46.2
169.7,-46.2
169.8,-46.2
169.9,-46.2
170,-46.2
170.1,-46.2
170.2,-46.2
170.3,-46.2
170.4,-46.2
166.5,-46.3
166.6,-46.3
166.7,-46.3
166.8,-46.3
166.9,-46.3
167,-46.3
167.1,-46.3
167.2,-46.3
167.3,-46.3
167.4,-46.3
167.5,-46.3
167.6,-46.3
167.7,-46.3
167.8,-46.3
167.9,-46.3
168,-46.3
168.1,-46.3
168.2,-46.3
168.3,-46.3
168.4,-46.3
168.5,-46.3
168.6,-46.3
168.7,-46.3
168.8,-46.3
168.9,-46.3
169,-46.3
169.1,-46.3
169.2,-46.3
169.3,-46.3
169.4,-46.3
169.5,-46.3
169.6,-46.3
169.7,-46.3
169.8,-46.3
169.9,-46.3
170,-46.3
170.1,-46.3
170.2,-46.3
170.3,-46.3
166.7,-46.4
166.8,-46.4
166.9,-46.4
167,-46.4
167.1,-46.4
167.2,-46.4
167.3,-46.4
167.4,-46.4
167.5,-46.4
167.6,-46.4
167.7,-46.4
167.8,-46.4
167.9,-46.4
168,-46.4
168.1,-46.4
168.2,-46.4
168.3,-46.4
168.4,-46.4
168.5,-46.4
168.6,-46.4
168.7,-46.4
168.8,-46.4
168.9,-46.4
169,-46.4
169.1,-46.4
169.2,-46.4
169.3,-46.4
169.4,-46.4
169.5,-46.4
169.6,-46.4
169.7,-46.4
169.8,-46.4
169.9,-46.4
170,-46.4
170.1,-46.4
166.7,-46.5
166.8,-46.5
166.9,-46.5
167,-46.5
167.1,-46.5
167.6,-46.5
167.7,-46.5
167.8,-46.5
167.9,-46.5
168,-46.5
168.1,-46.5
168.2,-46.5
168.3,-46.5
168.4,-46.5
168.5,-46.5
168.6,-46.5
168.7,-46.5
168.8,-46.5
168.9,-46.5
169,-46.5
169.1,-46.5
169.2,-46.5
169.3,-46.5
169.4,-46.5
169.5,-46.5
169.6,-46.5
169.7,-46.5
169.8,-46.5
169.9,-46.5
170,-46.5
166.6,-46.6
166.7,-46.6
166.8,-46.6
166.9,-46.6
167,-46.6
167.1,-46.6
167.5,-46.6
167.6,-46.6
167.7,-46.6
167.8,-46.6
167.9,-46.6
168,-46.6
168.1,-46.6
168.2,-46.6
168.3,-46.6
168.4,-46.6
168.5,-46.6
168.6,-46.6
168.7,-46.6
168.8,-46.6
168.9,-46.6
169,-46.6
169.1,-46.6
169.2,-46.6
169.3,-46.6
169.4,-46.6
169.5,-46.6
169.6,-46.6
169.7,-46.6
169.8,-46.6
169.9,-46.6
166.7,-46.7
166.8,-46.7
166.9,-46.7
167,-46.7
167.1,-46.7
167.4,-46.7
167.5,-46.7
167.6,-46.7
167.7,-46.7
167.8,-46.7
167.9,-46.7
168,-46.7
168.1,-46.7
168.2,-46.7
168.3,-46.7
168.4,-46.7
168.5,-46.7
168.6,-46.7
168.7,-46.7
168.8,-46.7
168.9,-46.7
169,-46.7
169.1,-46.7
169.2,-46.7
169.3,-46.7
169.4,-46.7
169.5,-46.7
169.6,-46.7
169.7,-46.7
167.4,-46.8
167.5,-46.8
167.6,-46.8
167.7,-46.8
167.8,-46.8
167.9,-46.8
168,-46.8
168.1,-46.8
168.2,-46.8
168.3,-46.8
168.4,-46.8
168.5,-46.8
168.6,-46.8
168.7,-46.8
168.8,-46.8
168.9,-46.8
169,-46.8
169.1,-46.8
169.2,-46.8
169.3,-46.8
169.4,-46.8
167.5,-46.9
167.6,-46.9
167.7,-46.9
167.8,-46.9
167.9,-46.9
168,-46.9
168.1,-46.9
168.2,-46.9
168.3,-46.9
168.4,-46.9
168.5,-46.9
168.6,-46.9
168.7,-46.9
167.3,-47
167.4,-47
167.5,-47
167.6,-47
167.7,-47
167.8,-47
167.9,-47
168,-47
168.1,-47
168.2,-47
168.3,-47
168.4,-47
167.2,-47.1
167.3,-47.1
167.4,-47.1
167.5,-47.1
167.6,-47.1
167.7,-47.1
167.8,-47.1
167.9,-47.1
168,-47.1
168.1,-47.1
168.2,-47.1
168.3,-47.1
168.4,-47.1
167.1,-47.2
167.2,-47.2
167.3,-47.2
167.4,-47.2
167.5,-47.2
167.6,-47.2
167.7,-47.2
167.8,-47.2
167.9,-47.2
168,-47.2
168.1,-47.2
168.2,-47.2
168.3,-47.2
168.4,-47.2
167.1,-47.3
167.2,-47.3
167.3,-47.3
167.4,-47.3
167.5,-47.3
167.6,-47.3
167.7,-47.3
167.8,-47.3
167.9,-47.3
168,-47.3
168.1,-47.3
168.2,-47.3
167.3,-47.4
167.4,-47.4
167.5,-47.4
167.6,-47.4
167.7,-47.4
167.8,-47.4