lon,lat,dep,rate
165.0021,-49.0117,120.872,0.0010405827
165.0664,-49.0477,129.467,0.0010405827
165.1291,-49.0827,137.196,0.0010405827
165.1903,-49.1168,144.108,0.0010405827
164.1553,-48.3933,22.654,0.0010405827
164.2500,-48.4493,26.171,0.0010405827
164.3298,-48.4999,30.247,0.0010405827
164.4048,-48.5469,35.680,0.0010405827
164.4769,-48.5906,42.447,0.0010405827
164.5462,-48.6314,50.244,0.0010405827
164.6132,-48.6699,58.748,0.0010405827
164.6786,-48.7068,67.713,0.0010405827
164.7435,-48.7431,76.970,0.0010405827
164.8090,-48.7792,86.395,0.0010405827
164.8759,-48.8159,95.879,0.0010405827
164.9436,-48.8531,105.238,0.0010405827
165.0101,-48.8901,114.400,0.0010405827
165.0745,-48.9262,123.564,0.0010405827
165.1370,-48.9613,132.664,0.0010405827
165.1981,-48.9953,141.053,0.0010405827
165.2578,-49.0286,148.185,0.0010405827
164.2519,-48.3198,23.939,0.0010405827
164.3393,-48.3736,27.349,0.0010405827
164.4166,-48.4230,31.775,0.0010405827
164.4907,-48.4690,37.622,0.0010405827
164.5620,-48.5119,44.715,0.0010405827
164.6306,-48.5520,52.726,0.0010405827
164.6970,-48.5900,61.350,0.0010405827
164.7620,-48.6267,70.368,0.0010405827
164.8267,-48.6628,79.629,0.0010405827
164.8918,-48.6988,89.023,0.0010405827
164.9577,-48.7352,98.440,0.0010405827
165.0235,-48.7716,107.738,0.0010405827
165.0878,-48.8076,116.954,0.0010405827
165.1503,-48.8427,126.256,0.0010405827
165.2112,-48.8768,135.691,0.0010405827
165.2708,-48.9100,144.791,0.0010405827
164.3452,-48.2453,24.945,0.0010405827
164.4269,-48.2972,28.418,0.0010405827
164.5030,-48.3456,33.218,0.0010405827
164.5762,-48.3908,39.426,0.0010405827
164.6468,-48.4330,46.796,0.0010405827
164.7148,-48.4725,54.986,0.0010405827
164.7808,-48.5102,63.711,0.0010405827
164.8456,-48.5467,72.774,0.0010405827
164.9100,-48.5827,82.040,0.0010405827
164.9746,-48.6185,91.413,0.0010405827
165.0394,-48.6544,100.788,0.0010405827
165.1034,-48.6902,110.090,0.0010405827
165.1659,-48.7252,119.396,0.0010405827
165.2270,-48.7595,128.821,0.0010405827
165.2866,-48.7929,138.367,0.0010405827
165.3449,-48.8255,147.692,0.0010405827
164.3442,-48.1142,22.940,0.0010405827
164.4348,-48.1696,25.760,0.0010405827
164.5136,-48.2204,29.510,0.0010405827
164.5887,-48.2679,34.700,0.0010405827
164.6613,-48.3123,41.258,0.0010405827
164.7312,-48.3537,48.877,0.0010405827
164.7987,-48.3928,57.220,0.0010405827
164.8644,-48.4302,66.026,0.0010405827
164.9290,-48.4666,75.123,0.0010405827
164.9931,-48.5025,84.390,0.0010405827
165.0570,-48.5381,93.746,0.0010405827
165.1206,-48.5736,103.108,0.0010405827
165.1832,-48.6086,112.451,0.0010405827
165.2444,-48.6430,121.845,0.0010405827
165.3043,-48.6766,131.351,0.0010405827
165.3628,-48.7094,140.949,0.0010405827
164.4381,-48.0399,23.700,0.0010405827
164.5225,-48.0933,26.558,0.0010405827
164.5997,-48.1431,30.672,0.0010405827
164.6740,-48.1898,36.250,0.0010405827
164.7459,-48.2334,43.134,0.0010405827
164.8152,-48.2742,50.975,0.0010405827
164.8823,-48.3129,59.448,0.0010405827
164.9477,-48.3501,68.321,0.0010405827
165.0120,-48.3864,77.441,0.0010405827
165.0757,-48.4221,86.706,0.0010405827
165.1389,-48.4575,96.048,0.0010405827
165.2014,-48.4925,105.415,0.0010405827
165.2629,-48.5270,114.803,0.0010405827
165.3232,-48.5609,124.256,0.0010405827
165.3821,-48.5940,133.809,0.0010405827
165.4398,-48.6263,143.431,0.0010405827
164.4351,-47.9075,22.055,0.0010405827
164.5277,-47.9641,24.299,0.0010405827
164.6086,-48.0162,27.402,0.0010405827
164.6848,-48.0652,31.909,0.0010405827
164.7584,-48.1111,37.870,0.0010405827
164.8297,-48.1539,45.042,0.0010405827
164.8986,-48.1943,53.066,0.0010405827
164.9653,-48.2327,61.640,0.0010405827
165.0305,-48.2698,70.557,0.0010405827
165.0947,-48.3060,79.682,0.0010405827
165.1580,-48.3416,88.930,0.0010405827
165.2206,-48.3767,98.251,0.0010405827
165.2823,-48.4114,107.616,0.0010405827
165.3430,-48.4455,117.025,0.0010405827
165.4024,-48.4789,126.502,0.0010405827
165.4604,-48.5116,136.084,0.0010405827
165.5171,-48.5435,145.747,0.0010405827
164.5274,-47.8323,22.649,0.0010405827
164.6144,-47.8872,24.917,0.0010405827
164.6934,-47.9384,28.358,0.0010405827
164.7688,-47.9866,33.261,0.0010405827
164.8421,-48.0318,39.579,0.0010405827
164.9131,-48.0741,46.992,0.0010405827
164.9817,-48.1141,55.153,0.0010405827
165.0484,-48.1524,63.788,0.0010405827
165.1136,-48.1895,72.713,0.0010405827
165.1777,-48.2258,81.813,0.0010405827
165.2408,-48.2614,91.017,0.0010405827
165.3029,-48.2964,100.296,0.0010405827
165.3640,-48.3308,109.636,0.0010405827
165.4238,-48.3645,119.040,0.0010405827
165.4822,-48.3975,128.528,0.0010405827
165.5392,-48.4296,138.138,0.0010405827
165.5948,-48.4609,147.810,0.0010405827
164.5206,-47.6980,21.376,0.0010405827
164.6153,-47.7557,23.164,0.0010405827
164.6992,-47.8093,25.683,0.0010405827
164.7772,-47.8599,29.511,0.0010405827
164.8524,-47.9075,34.803,0.0010405827
164.9256,-47.9522,41.420,0.0010405827
164.9966,-47.9943,49.013,0.0010405827
165.0654,-48.0342,57.250,0.0010405827
165.1323,-48.0726,65.893,0.0010405827
165.1978,-48.1099,74.780,0.0010405827
165.2621,-48.1463,83.815,0.0010405827
165.3251,-48.1820,92.946,0.0010405827
165.3868,-48.2169,102.159,0.0010405827
165.4470,-48.2510,111.458,0.0010405827
165.5057,-48.2843,120.853,0.0010405827
165.5629,-48.3166,130.368,0.0010405827
165.6186,-48.3481,140.025,0.0010405827
165.6729,-48.3787,149.641,0.0010405827
164.6096,-47.6215,21.949,0.0010405827
164.7004,-47.6779,23.812,0.0010405827
164.7827,-47.7308,26.686,0.0010405827
164.8604,-47.7808,30.918,0.0010405827
164.9360,-47.8281,36.566,0.0010405827
165.0096,-47.8726,43.407,0.0010405827
165.0810,-47.9147,51.097,0.0010405827
165.1504,-47.9549,59.338,0.0010405827
165.2180,-47.9937,67.924,0.0010405827
165.2840,-48.0313,76.721,0.0010405827
165.3484,-48.0680,85.654,0.0010405827
165.4112,-48.1038,94.692,0.0010405827
165.4722,-48.1385,103.836,0.0010405827
165.5313,-48.1721,113.107,0.0010405827
165.5886,-48.2047,122.526,0.0010405827
165.6443,-48.2362,132.106,0.0010405827
165.6985,-48.2669,141.832,0.0010405827
164.6956,-47.5439,22.566,0.0010405827
164.7840,-47.5994,24.701,0.0010405827
164.8656,-47.6518,27.969,0.0010405827
164.9439,-47.7016,32.582,0.0010405827
165.0204,-47.7488,38.508,0.0010405827
165.0949,-47.7935,45.476,0.0010405827
165.1672,-47.8360,53.169,0.0010405827
165.2375,-47.8767,61.333,0.0010405827
165.3057,-47.9160,69.798,0.0010405827
165.3721,-47.9540,78.462,0.0010405827
165.4364,-47.9908,87.279,0.0010405827
165.4985,-48.0263,96.235,0.0010405827
165.5583,-48.0606,105.346,0.0010405827
165.6158,-48.0935,114.643,0.0010405827
165.6714,-48.1251,124.140,0.0010405827
165.7254,-48.1558,133.826,0.0010405827
165.7780,-48.1856,143.622,0.0010405827
164.6831,-47.4074,21.585,0.0010405827
164.7803,-47.4659,23.353,0.0010405827
164.8673,-47.5208,25.847,0.0010405827
164.9494,-47.5730,29.509,0.0010405827
165.0289,-47.6229,34.442,0.0010405827
165.1066,-47.6703,40.534,0.0010405827
165.1823,-47.7154,47.519,0.0010405827
165.2558,-47.7585,55.119,0.0010405827
165.3269,-47.7998,63.132,0.0010405827
165.3955,-47.8395,71.434,0.0010405827
165.4617,-47.8776,79.959,0.0010405827
165.5251,-47.9142,88.689,0.0010405827
165.5858,-47.9492,97.621,0.0010405827
165.6438,-47.9826,106.776,0.0010405827
165.6994,-48.0144,116.178,0.0010405827
165.7531,-48.0451,125.808,0.0010405827
165.8054,-48.0748,135.624,0.0010405827
165.8565,-48.1037,145.462,0.0010405827
164.7713,-47.3305,22.391,0.0010405827
164.8646,-47.3878,24.330,0.0010405827
164.9514,-47.4424,27.192,0.0010405827
165.0347,-47.4947,31.190,0.0010405827
165.1159,-47.5449,36.338,0.0010405827
165.1952,-47.5928,42.474,0.0010405827
165.2722,-47.6386,49.361,0.0010405827
165.3466,-47.6823,56.785,0.0010405827
165.4179,-47.7240,64.605,0.0010405827
165.4862,-47.7638,72.750,0.0010405827
165.5511,-47.8016,81.188,0.0010405827
165.6129,-47.8375,89.910,0.0010405827
165.6714,-47.8714,98.912,0.0010405827
165.7272,-47.9035,108.208,0.0010405827
165.7808,-47.9342,117.781,0.0010405827
165.8328,-47.9638,127.568,0.0010405827
165.8835,-47.9926,137.513,0.0010405827
165.9331,-48.0208,147.343,0.0010405827
164.8572,-47.2529,23.214,0.0010405827
164.9491,-47.3096,25.439,0.0010405827
165.0368,-47.3642,28.620,0.0010405827
165.1218,-47.4169,32.847,0.0010405827
165.2049,-47.4677,38.074,0.0010405827
165.2858,-47.5163,44.130,0.0010405827
165.3637,-47.5627,50.826,0.0010405827
165.4382,-47.6068,58.032,0.0010405827
165.5089,-47.6486,65.674,0.0010405827
165.5757,-47.6879,73.728,0.0010405827
165.6386,-47.7248,82.175,0.0010405827
165.6978,-47.7594,90.990,0.0010405827
165.7538,-47.7919,100.157,0.0010405827
165.8073,-47.8227,109.664,0.0010405827
165.8590,-47.8522,119.435,0.0010405827
165.9094,-47.8809,129.371,0.0010405827
165.9589,-47.9090,139.426,0.0010405827
166.0073,-47.9365,149.193,0.0010405827
164.8435,-47.1159,22.260,0.0010405827
164.9426,-47.1751,24.106,0.0010405827
165.0348,-47.2318,26.625,0.0010405827
165.1240,-47.2867,30.050,0.0010405827
165.2111,-47.3400,34.396,0.0010405827
165.2960,-47.3914,39.579,0.0010405827
165.3779,-47.4407,45.461,0.0010405827
165.4560,-47.4875,51.930,0.0010405827
165.5296,-47.5316,58.941,0.0010405827
165.5986,-47.5728,66.492,0.0010405827
165.6631,-47.6111,74.570,0.0010405827
165.7234,-47.6467,83.134,0.0010405827
165.7798,-47.6797,92.130,0.0010405827
165.8331,-47.7107,101.528,0.0010405827
165.8844,-47.7401,111.276,0.0010405827
165.9345,-47.7687,121.230,0.0010405827
165.9837,-47.7966,131.295,0.0010405827
166.0320,-47.8241,141.442,0.0010405827
164.9324,-47.0393,23.065,0.0010405827
165.0291,-47.0977,25.084,0.0010405827
165.1222,-47.1546,27.849,0.0010405827
165.2133,-47.2100,31.437,0.0010405827
165.3024,-47.2640,35.809,0.0010405827
165.3886,-47.3161,40.870,0.0010405827
165.4707,-47.3657,46.542,0.0010405827
165.5478,-47.4125,52.814,0.0010405827
165.6195,-47.4560,59.726,0.0010405827
165.6861,-47.4962,67.311,0.0010405827
165.7480,-47.5332,75.529,0.0010405827
165.8054,-47.5672,84.290,0.0010405827
165.8591,-47.5986,93.509,0.0010405827
165.9100,-47.6281,103.156,0.0010405827
165.9595,-47.6563,113.125,0.0010405827
166.0082,-47.6840,123.231,0.0010405827
166.0563,-47.7114,133.401,0.0010405827
166.1038,-47.7383,143.617,0.0010405827
164.9193,-46.9024,22.043,0.0010405827
165.0198,-46.9623,23.875,0.0010405827
165.1161,-47.0206,26.119,0.0010405827
165.2106,-47.0777,29.085,0.0010405827
165.3035,-47.1338,32.765,0.0010405827
165.3941,-47.1883,37.096,0.0010405827
165.4809,-47.2408,42.009,0.0010405827
165.5621,-47.2904,47.502,0.0010405827
165.6373,-47.3366,53.667,0.0010405827
165.7067,-47.3792,60.609,0.0010405827
165.7709,-47.4182,68.337,0.0010405827
165.8301,-47.4537,76.761,0.0010405827
165.8849,-47.4862,85.743,0.0010405827
165.9361,-47.5161,95.185,0.0010405827
165.9851,-47.5443,105.047,0.0010405827
166.0331,-47.5717,115.182,0.0010405827
166.0807,-47.5987,125.400,0.0010405827
166.1279,-47.6256,135.648,0.0010405827
166.1747,-47.6521,145.891,0.0010405827
165.0075,-46.8257,22.862,0.0010405827
165.1065,-46.8850,24.722,0.0010405827
165.2034,-46.9434,27.197,0.0010405827
165.2993,-47.0010,30.330,0.0010405827
165.3937,-47.0575,34.067,0.0010405827
165.4852,-47.1124,38.338,0.0010405827
165.5714,-47.1648,43.130,0.0010405827
165.6510,-47.2140,48.534,0.0010405827
165.7239,-47.2595,54.717,0.0010405827
165.7911,-47.3010,61.797,0.0010405827
165.8530,-47.3387,69.737,0.0010405827
165.9099,-47.3728,78.379,0.0010405827
165.9625,-47.4040,87.565,0.0010405827
166.0118,-47.4327,97.203,0.0010405827
166.0593,-47.4600,107.232,0.0010405827
166.1061,-47.4867,117.476,0.0010405827
166.1528,-47.5132,127.772,0.0010405827
166.1992,-47.5396,138.079,0.0010405827
166.2452,-47.5658,148.267,0.0010405827
165.0946,-46.7486,23.543,0.0010405827
165.1930,-46.8077,25.608,0.0010405827
165.2906,-46.8662,28.303,0.0010405827
165.3876,-46.9240,31.584,0.0010405827
165.4829,-46.9808,35.375,0.0010405827
165.5742,-47.0358,39.619,0.0010405827
165.6591,-47.0879,44.364,0.0010405827
165.7367,-47.1363,49.787,0.0010405827
165.8075,-47.1808,56.103,0.0010405827
165.8727,-47.2212,63.395,0.0010405827
165.9326,-47.2577,71.563,0.0010405827
165.9877,-47.2907,80.410,0.0010405827
166.0385,-47.3208,89.774,0.0010405827
166.0864,-47.3486,99.576,0.0010405827
166.1328,-47.3752,109.725,0.0010405827
166.1788,-47.4015,120.039,0.0010405827
166.2247,-47.4276,130.392,0.0010405827
166.2705,-47.4536,140.739,0.0010405827
165.0814,-46.6115,22.263,0.0010405827
165.1808,-46.6711,24.196,0.0010405827
165.2791,-46.7301,26.503,0.0010405827
165.3772,-46.7887,29.409,0.0010405827
165.4748,-46.8466,32.834,0.0010405827
165.5702,-46.9034,36.693,0.0010405827
165.6606,-46.9581,40.968,0.0010405827
165.7437,-47.0095,45.767,0.0010405827
165.8191,-47.0571,51.321,0.0010405827
165.8880,-47.1005,57.854,0.0010405827
165.9515,-47.1399,65.395,0.0010405827
166.0098,-47.1753,73.786,0.0010405827
166.0633,-47.2073,82.817,0.0010405827
166.1129,-47.2365,92.338,0.0010405827
166.1598,-47.2638,102.276,0.0010405827
166.2055,-47.2900,112.508,0.0010405827
166.2510,-47.3159,122.866,0.0010405827
166.2964,-47.3418,133.259,0.0010405827
166.3416,-47.3676,143.616,0.0010405827
165.1682,-46.5343,22.824,0.0010405827
165.2668,-46.5936,24.827,0.0010405827
165.3650,-46.6525,27.362,0.0010405827
165.4632,-46.7110,30.466,0.0010405827
165.5608,-46.7688,34.038,0.0010405827
165.6554,-46.8253,38.000,0.0010405827
165.7441,-46.8793,42.371,0.0010405827
165.8250,-46.9298,47.323,0.0010405827
165.8984,-46.9763,53.112,0.0010405827
165.9657,-47.0186,59.925,0.0010405827
166.0276,-47.0569,67.731,0.0010405827
166.0845,-47.0914,76.336,0.0010405827
166.1367,-47.1225,85.533,0.0010405827
166.1852,-47.1511,95.199,0.0010405827
166.2315,-47.1780,105.252,0.0010405827
166.2770,-47.2040,115.544,0.0010405827
166.3222,-47.2298,125.929,0.0010405827
166.3673,-47.2556,136.345,0.0010405827
166.4122,-47.2812,146.675,0.0010405827
165.2549,-46.4570,23.263,0.0010405827
165.3528,-46.5160,25.398,0.0010405827
165.4506,-46.5747,28.136,0.0010405827
165.5486,-46.6330,31.420,0.0010405827
165.6453,-46.6905,35.145,0.0010405827
165.7384,-46.7463,39.251,0.0010405827
165.8248,-46.7994,43.796,0.0010405827
165.9033,-46.8487,48.990,0.0010405827
165.9748,-46.8940,55.094,0.0010405827
166.0405,-46.9352,62.229,0.0010405827
166.1009,-46.9724,70.306,0.0010405827
166.1565,-47.0059,79.114,0.0010405827
166.2076,-47.0363,88.465,0.0010405827
166.2554,-47.0644,98.265,0.0010405827
166.3014,-47.0910,108.413,0.0010405827
166.3468,-47.1171,118.746,0.0010405827
166.3921,-47.1430,129.143,0.0010405827
166.4372,-47.1688,139.560,0.0010405827
166.4820,-47.1944,149.824,0.0010405827
165.3414,-46.3796,23.580,0.0010405827
165.4387,-46.4384,25.866,0.0010405827
165.5360,-46.4968,28.777,0.0010405827
165.6330,-46.5546,32.225,0.0010405827
165.7283,-46.6115,36.114,0.0010405827
165.8190,-46.6664,40.413,0.0010405827
165.9028,-46.7182,45.215,0.0010405827
165.9789,-46.7663,50.734,0.0010405827
166.0486,-46.8103,57.202,0.0010405827
166.1127,-46.8503,64.672,0.0010405827
166.1717,-46.8864,73.006,0.0010405827
166.2260,-46.9190,81.998,0.0010405827
166.2761,-46.9488,91.489,0.0010405827
166.3235,-46.9765,101.406,0.0010405827
166.3695,-47.0031,111.626,0.0010405827
166.4152,-47.0293,121.973,0.0010405827
166.4607,-47.0554,132.358,0.0010405827
166.5060,-47.0813,142.752,0.0010405827
165.3268,-46.2418,21.541,0.0010405827
165.4275,-46.3019,23.754,0.0010405827
165.5242,-46.3605,26.187,0.0010405827
165.6206,-46.4185,29.248,0.0010405827
165.7161,-46.4758,32.860,0.0010405827
165.8092,-46.5317,36.943,0.0010405827
165.8971,-46.5854,41.494,0.0010405827
165.9782,-46.6358,46.625,0.0010405827
166.0522,-46.6825,52.535,0.0010405827
166.1202,-46.7253,59.387,0.0010405827
166.1829,-46.7641,67.173,0.0010405827
166.2406,-46.7992,75.732,0.0010405827
166.2937,-46.8311,84.874,0.0010405827
166.3431,-46.8603,94.479,0.0010405827
166.3903,-46.8878,104.489,0.0010405827
166.4366,-46.9145,114.746,0.0010405827
166.4827,-46.9410,125.073,0.0010405827
166.5285,-46.9673,135.420,0.0010405827
166.5741,-46.9935,145.770,0.0010405827
165.5129,-46.2240,23.730,0.0010405827
165.6090,-46.2822,26.316,0.0010405827
165.7040,-46.3397,29.532,0.0010405827
165.7975,-46.3961,33.329,0.0010405827
165.8878,-46.4509,37.657,0.0010405827
165.9729,-46.5032,42.529,0.0010405827
166.0514,-46.5522,48.053,0.0010405827
166.1236,-46.5976,54.383,0.0010405827
166.1902,-46.6391,61.607,0.0010405827
166.2516,-46.6769,69.668,0.0010405827
166.3082,-46.7112,78.407,0.0010405827
166.3606,-46.7425,87.658,0.0010405827
166.4096,-46.7715,97.346,0.0010405827
166.4569,-46.7990,107.412,0.0010405827
166.5036,-46.8259,117.660,0.0010405827
166.5501,-46.8527,127.936,0.0010405827
166.5962,-46.8793,138.230,0.0010405827
166.6419,-46.9056,148.530,0.0010405827
165.4958,-46.0853,20.933,0.0010405827
165.5972,-46.1455,23.433,0.0010405827
165.6923,-46.2034,26.183,0.0010405827
165.7853,-46.2600,29.572,0.0010405827
165.8762,-46.3154,33.601,0.0010405827
165.9636,-46.3688,38.243,0.0010405827
166.0460,-46.4196,43.508,0.0010405827
166.1224,-46.4673,49.468,0.0010405827
166.1931,-46.5114,56.213,0.0010405827
166.2585,-46.5519,63.768,0.0010405827
166.3191,-46.5889,72.051,0.0010405827
166.3751,-46.6227,80.920,0.0010405827
166.4270,-46.6537,90.237,0.0010405827
166.4760,-46.6826,99.970,0.0010405827
166.5237,-46.7103,110.042,0.0010405827
166.5709,-46.7375,120.238,0.0010405827
166.6176,-46.7645,130.447,0.0010405827
166.6639,-46.7912,140.686,0.0010405827
165.5797,-46.0068,20.198,0.0010405827
165.6815,-46.0670,22.845,0.0010405827
165.7751,-46.1243,25.703,0.0010405827
165.8649,-46.1797,29.237,0.0010405827
165.9523,-46.2335,33.554,0.0010405827
166.0366,-46.2854,38.618,0.0010405827
166.1165,-46.3347,44.369,0.0010405827
166.1913,-46.3809,50.800,0.0010405827
166.2608,-46.4239,57.943,0.0010405827
166.3254,-46.4636,65.786,0.0010405827
166.3855,-46.5001,74.245,0.0010405827
166.4412,-46.5336,83.203,0.0010405827
166.4933,-46.5647,92.556,0.0010405827
166.5428,-46.5938,102.292,0.0010405827
166.5910,-46.6219,112.315,0.0010405827
166.6385,-46.6494,122.431,0.0010405827
166.6853,-46.6765,132.574,0.0010405827
166.7314,-46.7032,142.766,0.0010405827
165.6674,-45.9297,19.329,0.0010405827
165.7694,-45.9900,21.976,0.0010405827
165.8601,-46.0463,24.747,0.0010405827
165.9442,-46.0998,28.302,0.0010405827
166.0266,-46.1513,32.965,0.0010405827
166.1074,-46.2011,38.609,0.0010405827
166.1851,-46.2486,44.979,0.0010405827
166.2583,-46.2934,51.939,0.0010405827
166.3268,-46.3353,59.476,0.0010405827
166.3908,-46.3743,67.577,0.0010405827
166.4507,-46.4105,76.186,0.0010405827
166.5067,-46.4441,85.215,0.0010405827
166.5594,-46.4754,94.589,0.0010405827
166.6096,-46.5050,104.284,0.0010405827
166.6583,-46.5335,114.212,0.0010405827
166.7060,-46.5612,124.238,0.0010405827
166.7526,-46.5884,134.327,0.0010405827
166.7983,-46.6149,144.493,0.0010405827
165.7609,-45.8549,18.414,0.0010405827
165.8634,-45.9156,20.783,0.0010405827
165.9489,-45.9704,23.171,0.0010405827
166.0243,-46.0208,26.625,0.0010405827
166.1006,-46.0695,31.731,0.0010405827
166.1774,-46.1166,38.109,0.0010405827
166.2523,-46.1619,45.208,0.0010405827
166.3237,-46.2050,52.747,0.0010405827
166.3911,-46.2458,60.684,0.0010405827
166.4546,-46.2841,69.036,0.0010405827
166.5144,-46.3200,77.788,0.0010405827
166.5708,-46.3537,86.885,0.0010405827
166.6244,-46.3855,96.267,0.0010405827
166.6755,-46.4157,105.888,0.0010405827
166.7246,-46.4446,115.699,0.0010405827
166.7721,-46.4724,125.647,0.0010405827
166.8184,-46.4994,135.704,0.0010405827
166.8635,-46.5257,145.868,0.0010405827
165.8602,-45.7826,17.494,0.0010405827
165.9621,-45.8433,19.319,0.0010405827
166.0392,-45.8956,21.188,0.0010405827
166.1052,-45.9426,24.647,0.0010405827
166.1761,-45.9884,30.349,0.0010405827
166.2489,-46.0328,37.483,0.0010405827
166.3206,-46.0756,45.248,0.0010405827
166.3897,-46.1169,53.299,0.0010405827
166.4555,-46.1563,61.595,0.0010405827
166.5179,-46.1937,70.191,0.0010405827
166.5774,-46.2292,79.106,0.0010405827
166.6342,-46.2630,88.300,0.0010405827
166.6885,-46.2952,97.701,0.0010405827
166.7402,-46.3258,107.242,0.0010405827
166.7894,-46.3549,116.951,0.0010405827
166.8366,-46.3827,126.853,0.0010405827
166.8822,-46.4094,136.914,0.0010405827
166.9266,-46.4353,147.105,0.0010405827
165.9604,-45.7107,16.803,0.0010405827
166.0580,-45.7703,18.105,0.0010405827
166.1259,-45.8196,19.745,0.0010405827
166.1864,-45.8642,23.565,0.0010405827
166.2548,-45.9082,29.929,0.0010405827
166.3251,-45.9506,37.615,0.0010405827
166.3942,-45.9918,45.770,0.0010405827
166.4608,-46.0315,54.099,0.0010405827
166.5242,-46.0694,62.620,0.0010405827
166.5848,-46.1056,71.431,0.0010405827
166.6431,-46.1403,80.549,0.0010405827
166.6995,-46.1736,89.907,0.0010405827
166.7539,-46.2058,99.370,0.0010405827
166.8056,-46.2364,108.874,0.0010405827
166.8543,-46.2654,118.546,0.0010405827
166.9007,-46.2928,128.467,0.0010405827
166.9454,-46.3190,138.582,0.0010405827
166.9888,-46.3445,148.842,0.0010405827
166.0540,-45.6365,16.787,0.0010405827
166.1443,-45.6937,17.992,0.0010405827
166.2073,-45.7412,19.984,0.0010405827
166.2686,-45.7855,24.465,0.0010405827
166.3378,-45.8291,31.332,0.0010405827
166.4076,-45.8712,39.216,0.0010405827
166.4753,-45.9117,47.397,0.0010405827
166.5395,-45.9503,55.738,0.0010405827
166.6000,-45.9868,64.371,0.0010405827
166.6579,-46.0213,73.398,0.0010405827
166.7141,-46.0546,82.781,0.0010405827
166.7693,-46.0870,92.368,0.0010405827
166.8228,-46.1186,101.935,0.0010405827
166.8733,-46.1487,111.483,0.0010405827
166.9207,-46.1770,121.239,0.0010405827
166.9659,-46.2037,131.270,0.0010405827
167.0094,-46.2292,141.499,0.0010405827
166.1377,-45.5587,17.615,0.0010405827
166.2213,-45.6135,19.207,0.0010405827
166.2853,-45.6608,21.970,0.0010405827
166.3514,-45.7061,27.151,0.0010405827
166.4230,-45.7505,34.234,0.0010405827
166.4934,-45.7930,42.003,0.0010405827
166.5597,-45.8333,49.989,0.0010405827
166.6210,-45.8708,58.286,0.0010405827
166.6784,-45.9056,67.087,0.0010405827
166.7333,-45.9385,76.408,0.0010405827
166.7872,-45.9702,86.107,0.0010405827
166.8407,-46.0015,95.919,0.0010405827
166.8924,-46.0321,105.602,0.0010405827
166.9409,-46.0611,115.297,0.0010405827
166.9867,-46.0884,125.251,0.0010405827
167.0304,-46.1142,135.457,0.0010405827
167.0729,-46.1391,145.834,0.0010405827
166.1137,-45.4176,16.690,0.0010405827
166.2158,-45.4786,18.835,0.0010405827
166.2946,-45.5316,20.971,0.0010405827
166.3616,-45.5792,24.547,0.0010405827
166.4322,-45.6254,30.309,0.0010405827
166.5051,-45.6702,37.458,0.0010405827
166.5748,-45.7128,45.069,0.0010405827
166.6385,-45.7522,52.962,0.0010405827
166.6967,-45.7882,61.389,0.0010405827
166.7510,-45.8212,70.483,0.0010405827
166.8033,-45.8523,80.135,0.0010405827
166.8552,-45.8828,90.118,0.0010405827
166.9067,-45.9129,100.103,0.0010405827
166.9562,-45.9424,109.941,0.0010405827
167.0028,-45.9702,119.866,0.0010405827
167.0472,-45.9965,130.044,0.0010405827
167.0900,-46.0218,140.421,0.0010405827
166.1970,-45.3393,17.492,0.0010405827
166.2938,-45.3984,19.770,0.0010405827
166.3686,-45.4498,22.348,0.0010405827
166.4367,-45.4970,26.605,0.0010405827
166.5090,-45.5430,32.851,0.0010405827
166.5808,-45.5871,40.115,0.0010405827
166.6477,-45.6284,47.754,0.0010405827
166.7080,-45.6661,55.797,0.0010405827
166.7630,-45.7001,64.504,0.0010405827
166.8144,-45.7312,73.904,0.0010405827
166.8640,-45.7607,83.825,0.0010405827
166.9135,-45.7897,94.019,0.0010405827
166.9625,-45.8185,104.180,0.0010405827
167.0099,-45.8466,114.246,0.0010405827
167.0551,-45.8735,124.420,0.0010405827
167.0986,-45.8993,134.784,0.0010405827
167.1412,-45.9243,145.285,0.0010405827
166.2811,-45.2614,17.737,0.0010405827
166.3732,-45.3188,20.167,0.0010405827
166.4446,-45.3686,23.100,0.0010405827
166.5128,-45.4151,27.923,0.0010405827
166.5844,-45.4602,34.539,0.0010405827
166.6534,-45.5028,41.913,0.0010405827
166.7163,-45.5421,49.650,0.0010405827
166.7727,-45.5774,57.920,0.0010405827
166.8239,-45.6090,66.906,0.0010405827
166.8716,-45.6378,76.546,0.0010405827
166.9176,-45.6651,86.663,0.0010405827
166.9633,-45.6919,97.043,0.0010405827
167.0090,-45.7187,107.440,0.0010405827
167.0538,-45.7452,117.796,0.0010405827
167.0977,-45.7711,128.212,0.0010405827
167.1407,-45.7965,138.728,0.0010405827
167.1833,-45.8215,149.318,0.0010405827
166.3652,-45.1836,17.680,0.0010405827
166.4545,-45.2399,20.308,0.0010405827
166.5245,-45.2889,23.561,0.0010405827
166.5938,-45.3352,28.746,0.0010405827
166.6646,-45.3797,35.414,0.0010405827
166.7301,-45.4209,42.649,0.0010405827
166.7882,-45.4577,50.364,0.0010405827
166.8397,-45.4901,58.820,0.0010405827
166.8861,-45.5187,68.055,0.0010405827
166.9289,-45.5445,77.896,0.0010405827
166.9698,-45.5688,88.172,0.0010405827
167.0105,-45.5927,98.734,0.0010405827
167.0515,-45.6168,109.399,0.0010405827
167.0930,-45.6411,120.061,0.0010405827
167.1347,-45.6656,130.719,0.0010405827
167.1767,-45.6902,141.387,0.0010405827
166.4510,-45.1064,17.636,0.0010405827
166.5398,-45.1625,20.449,0.0010405827
166.6122,-45.2122,23.882,0.0010405827
166.6839,-45.2595,28.999,0.0010405827
166.7529,-45.3038,35.200,0.0010405827
166.8135,-45.3431,42.005,0.0010405827
166.8660,-45.3771,49.715,0.0010405827
166.9119,-45.4060,58.445,0.0010405827
166.9527,-45.4310,67.951,0.0010405827
166.9901,-45.4535,77.975,0.0010405827
167.0257,-45.4746,88.378,0.0010405827
167.0609,-45.4954,99.098,0.0010405827
167.0969,-45.5164,109.989,0.0010405827
167.1343,-45.5382,120.894,0.0010405827
167.1729,-45.5607,131.764,0.0010405827
167.2126,-45.5840,142.585,0.0010405827
166.6312,-45.0873,20.445,0.0010405827
166.7085,-45.1389,23.745,0.0010405827
166.7811,-45.1872,28.254,0.0010405827
166.8454,-45.2305,33.640,0.0010405827
166.8995,-45.2674,40.133,0.0010405827
166.9464,-45.2979,48.123,0.0010405827
166.9870,-45.3233,57.237,0.0010405827
167.0228,-45.3451,67.001,0.0010405827
167.0556,-45.3648,77.174,0.0010405827
167.0868,-45.3833,87.664,0.0010405827
167.1176,-45.4015,98.488,0.0010405827
167.1494,-45.4201,109.503,0.0010405827
167.1828,-45.4395,120.537,0.0010405827
167.2179,-45.4600,131.553,0.0010405827
167.2546,-45.4814,142.508,0.0010405827
166.6295,-44.9546,17.344,0.0010405827
166.7275,-45.0141,20.124,0.0010405827
166.8086,-45.0674,22.994,0.0010405827
166.8780,-45.1154,26.679,0.0010405827
166.9351,-45.1566,31.454,0.0010405827
166.9839,-45.1906,38.108,0.0010405827
167.0264,-45.2182,46.580,0.0010405827
167.0630,-45.2408,56.015,0.0010405827
167.0953,-45.2603,65.943,0.0010405827
167.1250,-45.2781,76.204,0.0010405827
167.1533,-45.2949,86.746,0.0010405827
167.1814,-45.3115,97.591,0.0010405827
167.2102,-45.3284,108.636,0.0010405827
167.2405,-45.3461,119.731,0.0010405827
167.2725,-45.3648,130.828,0.0010405827
167.3063,-45.3845,141.878,0.0010405827
166.7238,-44.8809,17.173,0.0010405827
166.8249,-44.9416,19.690,0.0010405827
166.9065,-44.9954,22.118,0.0010405827
166.9705,-45.0420,25.220,0.0010405827
167.0215,-45.0810,29.861,0.0010405827
167.0671,-45.1128,36.954,0.0010405827
167.1068,-45.1381,45.821,0.0010405827
167.1407,-45.1590,55.442,0.0010405827
167.1708,-45.1772,65.451,0.0010405827
167.1985,-45.1938,75.742,0.0010405827
167.2250,-45.2096,86.296,0.0010405827
167.2514,-45.2251,97.116,0.0010405827
167.2783,-45.2409,108.163,0.0010405827
167.3066,-45.2575,119.306,0.0010405827
167.3366,-45.2750,130.445,0.0010405827
167.3685,-45.2936,141.550,0.0010405827
166.8181,-44.8074,17.123,0.0010405827
166.9200,-44.8685,19.452,0.0010405827
167.0005,-44.9222,21.602,0.0010405827
167.0597,-44.9673,24.395,0.0010405827
167.1070,-45.0045,29.143,0.0010405827
167.1508,-45.0349,36.637,0.0010405827
167.1885,-45.0588,45.735,0.0010405827
167.2207,-45.0785,55.452,0.0010405827
167.2493,-45.0957,65.501,0.0010405827
167.2757,-45.1116,75.795,0.0010405827
167.3011,-45.1267,86.334,0.0010405827
167.3263,-45.1416,97.141,0.0010405827
167.3521,-45.1568,108.200,0.0010405827
167.3794,-45.1728,119.386,0.0010405827
167.4085,-45.1898,130.566,0.0010405827
167.4397,-45.2080,141.695,0.0010405827
166.9095,-44.7328,17.160,0.0010405827
167.0121,-44.7943,19.415,0.0010405827
167.0915,-44.8477,21.390,0.0010405827
167.1471,-44.8916,24.018,0.0010405827
167.1923,-44.9277,28.932,0.0010405827
167.2351,-44.9571,36.728,0.0010405827
167.2716,-44.9801,45.967,0.0010405827
167.3028,-44.9992,55.744,0.0010405827
167.3306,-45.0160,65.808,0.0010405827
167.3564,-45.0314,76.096,0.0010405827
167.3813,-45.0462,86.621,0.0010405827
167.4061,-45.0609,97.421,0.0010405827
167.4318,-45.0760,108.476,0.0010405827
167.4591,-45.0920,119.672,0.0010405827
167.4885,-45.1092,130.870,0.0010405827
167.5204,-45.1278,141.981,0.0010405827
166.9979,-44.6571,17.001,0.0010405827
167.1001,-44.7185,19.295,0.0010405827
167.1775,-44.7712,21.275,0.0010405827
167.2314,-44.8143,24.039,0.0010405827
167.2766,-44.8500,29.253,0.0010405827
167.3196,-44.8791,37.261,0.0010405827
167.3561,-44.9021,46.585,0.0010405827
167.3875,-44.9213,56.400,0.0010405827
167.4156,-44.9383,66.471,0.0010405827
167.4420,-44.9541,76.753,0.0010405827
167.4675,-44.9693,87.264,0.0010405827
167.4933,-44.9846,98.033,0.0010405827
167.5202,-45.0004,109.033,0.0010405827
167.5491,-45.0173,120.157,0.0010405827
167.5805,-45.0357,131.254,0.0010405827
167.6147,-45.0556,142.205,0.0010405827
167.1806,-44.6399,18.808,0.0010405827
167.2558,-44.6916,21.234,0.0010405827
167.3113,-44.7347,24.599,0.0010405827
167.3595,-44.7710,30.272,0.0010405827
167.4040,-44.8008,38.362,0.0010405827
167.4424,-44.8250,47.668,0.0010405827
167.4758,-44.8454,57.466,0.0010405827
167.5060,-44.8638,67.529,0.0010405827
167.5346,-44.8809,77.800,0.0010405827
167.5626,-44.8976,88.280,0.0010405827
167.5912,-44.9144,98.970,0.0010405827
167.6213,-44.9321,109.820,0.0010405827
167.6536,-44.9511,120.706,0.0010405827
167.6885,-44.9715,131.481,0.0010405827
167.7259,-44.9933,142.056,0.0010405827
167.3272,-44.6088,21.030,0.0010405827
167.3871,-44.6525,25.306,0.0010405827
167.4400,-44.6901,31.458,0.0010405827
167.4879,-44.7218,39.472,0.0010405827
167.5299,-44.7483,48.591,0.0010405827
167.5672,-44.7712,58.256,0.0010405827
167.6015,-44.7920,68.237,0.0010405827
167.6342,-44.8116,78.440,0.0010405827
167.6666,-44.8309,88.819,0.0010405827
167.6998,-44.8506,99.323,0.0010405827
167.7345,-44.8710,109.850,0.0010405827
167.7709,-44.8924,120.297,0.0010405827
167.8089,-44.9148,130.621,0.0010405827
167.8482,-44.9380,140.830,0.0010405827
167.3961,-44.5243,20.264,0.0010405827
167.4607,-44.5687,25.412,0.0010405827
167.5186,-44.6079,31.938,0.0010405827
167.5707,-44.6419,39.800,0.0010405827
167.6175,-44.6713,48.618,0.0010405827
167.6599,-44.6975,58.028,0.0010405827
167.6994,-44.7215,67.805,0.0010405827
167.7374,-44.7444,77.812,0.0010405827
167.7750,-44.7668,87.949,0.0010405827
167.8128,-44.7893,98.117,0.0010405827
167.8511,-44.8121,108.255,0.0010405827
167.8898,-44.8351,118.358,0.0010405827
167.9289,-44.8583,128.449,0.0010405827
167.9685,-44.8818,138.482,0.0010405827
168.0085,-44.9056,148.161,0.0010405827
167.5356,-44.4852,24.764,0.0010405827
167.5974,-44.5258,31.481,0.0010405827
167.6535,-44.5619,39.200,0.0010405827
167.7046,-44.5942,47.747,0.0010405827
167.7519,-44.6234,56.874,0.0010405827
167.7963,-44.6505,66.371,0.0010405827
167.8390,-44.6763,76.092,0.0010405827
167.8805,-44.7012,85.927,0.0010405827
167.9211,-44.7256,95.819,0.0010405827
167.9611,-44.7496,105.774,0.0010405827
168.0008,-44.7733,115.800,0.0010405827
168.0404,-44.7969,125.793,0.0010405827
168.0800,-44.8205,135.383,0.0010405827
168.1197,-44.8442,144.040,0.0010405827
167.6139,-44.4033,23.727,0.0010405827
167.6783,-44.4451,30.435,0.0010405827
167.7374,-44.4830,38.012,0.0010405827
167.7919,-44.5173,46.343,0.0010405827
167.8426,-44.5487,55.226,0.0010405827
167.8903,-44.5780,64.479,0.0010405827
167.9358,-44.6056,73.974,0.0010405827
167.9794,-44.6320,83.632,0.0010405827
168.0216,-44.6575,93.431,0.0010405827
168.0629,-44.6823,103.354,0.0010405827
168.1036,-44.7067,113.288,0.0010405827
168.1439,-44.7308,122.840,0.0010405827
168.1839,-44.7547,131.448,0.0010405827
168.2236,-44.7784,138.907,0.0010405827
168.2630,-44.8020,145.436,0.0010405827
167.6944,-44.3228,22.205,0.0010405827
167.7606,-44.3655,28.864,0.0010405827
167.8217,-44.4046,36.316,0.0010405827
167.8783,-44.4403,44.458,0.0010405827
167.9310,-44.4730,53.157,0.0010405827
167.9805,-44.5035,62.260,0.0010405827
168.0275,-44.5322,71.643,0.0010405827
168.0725,-44.5595,81.237,0.0010405827
168.1160,-44.5858,91.000,0.0010405827
168.1585,-44.6113,100.854,0.0010405827
168.2001,-44.6364,110.449,0.0010405827
168.2410,-44.6609,119.145,0.0010405827
168.2814,-44.6852,126.665,0.0010405827
168.3213,-44.7091,133.258,0.0010405827
168.3609,-44.7327,139.188,0.0010405827
168.4000,-44.7561,144.588,0.0010405827
168.4387,-44.7793,149.535,0.0010405827
167.8403,-44.2847,26.491,0.0010405827
167.9031,-44.3246,33.847,0.0010405827
167.9608,-44.3612,41.830,0.0010405827
168.0147,-44.3947,50.430,0.0010405827
168.0654,-44.4260,59.457,0.0010405827
168.1135,-44.4554,68.777,0.0010405827
168.1596,-44.4835,78.326,0.0010405827
168.2042,-44.5105,88.029,0.0010405827
168.2475,-44.5366,97.665,0.0010405827
168.2899,-44.5622,106.590,0.0010405827
168.3315,-44.5872,114.325,0.0010405827
168.3724,-44.6118,121.070,0.0010405827
168.4127,-44.6360,127.147,0.0010405827
168.4525,-44.6598,132.709,0.0010405827
168.4918,-44.6834,137.833,0.0010405827
168.5307,-44.7067,142.575,0.0010405827
168.5692,-44.7297,146.976,0.0010405827
167.9809,-44.2429,31.010,0.0010405827
168.0392,-44.2799,38.955,0.0010405827
168.0942,-44.3141,47.577,0.0010405827
168.1462,-44.3461,56.556,0.0010405827
168.1954,-44.3763,65.822,0.0010405827
168.2425,-44.4050,75.317,0.0010405827
168.2880,-44.4326,84.832,0.0010405827
168.3322,-44.4594,93.862,0.0010405827
168.3753,-44.4854,101.901,0.0010405827
168.4176,-44.5109,108.936,0.0010405827
168.4592,-44.5359,115.254,0.0010405827
168.5001,-44.5605,121.034,0.0010405827
168.5404,-44.5847,126.365,0.0010405827
168.5801,-44.6086,131.309,0.0010405827
168.6194,-44.6321,135.911,0.0010405827
168.6581,-44.6554,140.208,0.0010405827
168.6964,-44.6783,144.229,0.0010405827
168.7343,-44.7010,148.002,0.0010405827
168.0542,-44.1591,28.188,0.0010405827
168.1130,-44.1960,36.412,0.0010405827
168.1697,-44.2309,45.222,0.0010405827
168.2234,-44.2640,54.174,0.0010405827
168.2743,-44.2953,63.346,0.0010405827
168.3227,-44.3249,72.732,0.0010405827
168.3693,-44.3533,81.894,0.0010405827
168.4146,-44.3807,90.120,0.0010405827
168.4588,-44.4075,97.358,0.0010405827
168.5020,-44.4335,103.894,0.0010405827
168.5443,-44.4591,109.870,0.0010405827
168.5859,-44.4842,115.382,0.0010405827
168.6269,-44.5088,120.502,0.0010405827
168.6672,-44.5331,125.282,0.0010405827
168.7069,-44.5569,129.759,0.0010405827
168.7461,-44.5805,133.965,0.0010405827
168.7847,-44.6037,137.924,0.0010405827
168.8229,-44.6266,141.657,0.0010405827
168.8607,-44.6492,145.183,0.0010405827
168.8980,-44.6716,148.516,0.0010405827
168.1757,-44.1059,33.097,0.0010405827
168.2331,-44.1407,42.231,0.0010405827
168.2897,-44.1751,51.387,0.0010405827
168.3439,-44.2083,60.392,0.0010405827
168.3945,-44.2396,69.458,0.0010405827
168.4429,-44.2693,78.208,0.0010405827
168.4897,-44.2977,85.781,0.0010405827
168.5352,-44.3253,92.435,0.0010405827
168.5795,-44.3522,98.533,0.0010405827
168.6229,-44.3784,104.191,0.0010405827
168.6654,-44.4040,109.478,0.0010405827
168.7070,-44.4292,114.440,0.0010405827
168.7480,-44.4539,119.111,0.0010405827
168.7884,-44.4782,123.517,0.0010405827
168.8281,-44.5021,127.680,0.0010405827
168.8673,-44.5256,131.618,0.0010405827
168.9059,-44.5489,135.348,0.0010405827
168.9441,-44.5718,138.885,0.0010405827
168.9817,-44.5944,142.241,0.0010405827
169.0190,-44.6167,145.428,0.0010405827
169.0558,-44.6388,148.458,0.0010405827
168.2918,-44.0483,37.430,0.0010405827
168.3496,-44.0827,46.909,0.0010405827
168.4061,-44.1171,55.870,0.0010405827
168.4585,-44.1497,64.681,0.0010405827
168.5087,-44.1805,73.083,0.0010405827
168.5570,-44.2100,80.165,0.0010405827
168.6037,-44.2385,86.442,0.0010405827
168.6492,-44.2661,92.300,0.0010405827
168.6936,-44.2929,97.809,0.0010405827
168.7370,-44.3192,103.009,0.0010405827
168.7795,-44.3449,107.925,0.0010405827
168.8212,-44.3701,112.580,0.0010405827
168.8623,-44.3949,116.990,0.0010405827
168.9027,-44.4193,121.172,0.0010405827
168.9425,-44.4432,125.141,0.0010405827
168.9817,-44.4669,128.911,0.0010405827
169.0204,-44.4901,132.494,0.0010405827
169.0586,-44.5131,135.903,0.0010405827
169.0963,-44.5358,139.147,0.0010405827
169.1336,-44.5581,142.238,0.0010405827
169.1704,-44.5802,145.184,0.0010405827
169.2067,-44.6021,147.994,0.0010405827
168.4152,-43.9947,39.749,0.0010405827
168.4703,-44.0281,48.916,0.0010405827
168.5227,-44.0604,57.910,0.0010405827
168.5733,-44.0914,66.351,0.0010405827
168.6222,-44.1213,73.488,0.0010405827
168.6698,-44.1502,79.835,0.0010405827
168.7160,-44.1783,85.750,0.0010405827
168.7612,-44.2058,91.308,0.0010405827
168.8054,-44.2326,96.553,0.0010405827
168.8487,-44.2588,101.514,0.0010405827
168.8912,-44.2845,106.213,0.0010405827
168.9330,-44.3098,110.670,0.0010405827
168.9741,-44.3346,114.902,0.0010405827
169.0146,-44.3590,118.922,0.0010405827
169.0545,-44.3831,122.746,0.0010405827
169.0938,-44.4067,126.385,0.0010405827
169.1325,-44.4301,129.851,0.0010405827
169.1708,-44.4531,133.154,0.0010405827
169.2086,-44.4759,136.306,0.0010405827
169.2459,-44.4983,139.314,0.0010405827
169.2828,-44.5205,142.188,0.0010405827
169.3192,-44.5423,144.935,0.0010405827
169.3553,-44.5640,147.563,0.0010405827
168.5405,-43.9429,43.164,0.0010405827