lon,lat, dep, mag, year, slat, slon, sdep, dproj
167.0000, -45.0000, 25.0000, 5.5000, 1810, 167.1187, -45.2065, 24.9920,0.2383
167.0000, -45.0000, 25.0000, 7.5000, 1826, 167.1187, -45.2065, 24.9920,0.2383
167.0000, -45.0000, 25.0000, 4.5000, 1941, 167.1187, -45.2065, 24.9920,0.2383
167.0000, -45.0000, 25.0000, 5.0000, 1941, 167.1187, -45.2065, 24.9920,0.2383
166.4500, -45.1900, 26.0000, 3.6700, 1967, 166.7669, -45.4608, 26.0055,-0.4168
166.5900, -45.1900, 39.9000, 5.1760, 1968, 166.9395, -45.4738, 39.9107,-0.4504
167.5500, -44.5300, 28.0000, 3.4950, 1984, 167.6986, -44.6711, 28.0445,-0.2097
167.2671, -44.8530, 28.7700, 3.1510, 1991, 167.4406, -44.9544, 28.7876,-0.2017
166.7714, -45.1272, 21.6300, 3.7840, 1992, 166.8996, -45.2908, 21.6386,-0.2080
166.2190, -45.8628, 19.8900, 3.5150, 1993, 166.3441, -45.9985, 19.9445,-0.1925
166.7085, -45.2138, 22.0000, 6.8000, 1993, 166.7903, -45.3714, 21.9937,0.1776
167.5087, -44.6962, 39.6800, 3.0030, 1996, 167.6215, -44.8459, 39.6165,0.1979
164.8661, -47.6095, 27.0000, 3.2760, 2000, 165.1261, -47.8059, 26.9892,0.3261
166.8121, -45.0597, 18.2800, 3.2540, 2000, 166.8956, -45.2466, 18.2552,0.2062
166.9672, -44.8555, 17.0300, 4.1120, 2000, 167.1586, -45.0882, 17.0187,0.3015
165.0169, -47.4110, 34.8100, 3.0100, 2000, 165.3574, -47.6548, 34.8115,-0.4188
167.0585, -44.9002, 20.9900, 3.7000, 2000, 167.1818, -45.1184, 20.9905,-0.2506
165.0425, -47.6704, 30.2600, 3.5340, 2000, 165.1972, -47.7763, 30.2725,-0.1879
166.9462, -45.1172, 25.0000, 6.1000, 2000, 167.0225, -45.2666, 25.0070,-0.1679
165.2693, -46.7494, 38.9100, 3.4560, 2001, 165.8576, -47.1864, 38.8904,0.7331
166.8103, -45.1510, 34.0200, 4.5060, 2002, 166.9962, -45.3695, 33.9812,0.2895
165.1882, -46.7352, 39.1200, 3.0890, 2002, 165.8334, -47.2232, 39.1202,-0.8089
166.4135, -45.4738, 22.2100, 3.6210, 2002, 166.5926, -45.6628, 22.2348,-0.2616
167.4012, -44.8501, 38.9700, 3.4510, 2003, 167.4900, -44.9725, 39.0165,-0.1583
166.4035, -45.4655, 20.5200, 4.3140, 2003, 166.6008, -45.5980, 20.5323,-0.2380
164.9121, -47.2959, 37.0400, 3.0920, 2003, 165.3772, -47.6743, 37.0186,0.6000
165.3546, -47.3010, 39.9100, 3.2600, 2003, 165.5817, -47.5071, 39.9347,-0.3077
164.9142, -47.2987, 26.1000, 3.4490, 2003, 165.2784, -47.5530, 26.0814,0.4446
164.9694, -47.4369, 26.9100, 3.4240, 2003, 165.2410, -47.6295, 26.9030,0.3330
165.6366, -46.1201, 36.0000, 4.5000, 2004, 166.2193, -46.4824, 36.0031,-0.6862
165.0934, -47.7098, 38.9700, 3.1630, 2004, 165.2767, -47.8399, 38.9517,0.2255
165.1152, -47.1245, 28.6900, 3.3850, 2004, 165.4344, -47.4210, 28.6829,0.4357
165.9877, -45.7046, 24.0000, 3.9000, 2005, 166.3234, -46.0792, 23.9895,0.5031
165.0897, -47.4350, 31.2900, 3.9830, 2006, 165.3296, -47.6141, 31.2860,0.2994
167.5401, -44.4911, 24.1200, 4.2570, 2006, 167.6714, -44.6541, 24.1249,-0.2094
166.8705, -45.1362, 37.0500, 4.2000, 2006, 167.0299, -45.3738, 37.0887,-0.2887
166.9808, -44.8566, 36.5100, 3.5790, 2006, 167.2704, -45.1663, 36.4504,0.4282
166.6734, -45.0335, 24.2500, 3.9000, 2006, 166.8522, -45.3546, 24.2430,0.3675
167.3762, -44.8207, 31.9800, 3.9000, 2007, 167.4824, -44.9370, 31.9741,0.1576
167.2994, -44.7285, 27.0000, 6.1000, 2007, 167.4530, -44.9291, 26.9201,0.2650
165.8455, -46.2200, 25.4500, 3.9000, 2008, 166.0840, -46.3652, 25.4638,-0.2796
165.3977, -47.1982, 39.9900, 4.5140, 2009, 165.6520, -47.4392, 39.9954,-0.3504
165.0482, -47.8305, 38.7900, 3.2020, 2010, 165.2064, -47.9320, 38.7461,0.1930
165.4220, -47.0879, 38.7300, 3.6500, 2010, 165.6964, -47.3693, 38.7047,0.3939
164.7839, -47.5396, 27.3100, 3.0260, 2010, 165.1491, -47.7783, 27.2965,0.4365
167.2437, -44.6505, 20.0000, 3.5000, 2010, 167.4747, -44.8346, 20.0212,-0.2962
165.0189, -47.7457, 39.0100, 3.4730, 2011, 165.2269, -47.9085, 39.0022,0.2642
166.1061, -46.0710, 27.0000, 3.8000, 2012, 166.2650, -46.1882, 26.9961,0.1975
166.8736, -45.0668, 20.0000, 4.3000, 2014, 166.9935, -45.2253, 20.0138,-0.1992
164.9202, -47.8955, 33.0100, 3.9390, 2015, 165.0850, -47.9965, 33.0363,-0.1951
167.0501, -44.7141, 18.7100, 3.6250, 2015, 167.2710, -45.0182, 18.7204,-0.3760
167.4362, -44.7057, 31.6900, 3.0510, 2015, 167.5615, -44.8534, 31.6547,0.1969
166.9065, -45.1922, 36.0000, 5.5000, 2016, 167.0445, -45.3538, 35.9878,0.2129
164.9618, -47.1239, 38.0300, 3.0070, 2019, 165.4688, -47.5879, 38.0191,0.6873
178.0000, -39.0000, 25.0000, 5.5000, 1835, 177.5637, -38.5333, 24.9788,0.6393
178.0000, -39.0000, 25.0000, 4.5000, 1846, 177.5637, -38.5333, 24.9788,0.6393
178.0000, -39.0000, 25.0000, 4.5000, 1846, 177.5637, -38.5333, 24.9788,0.6393
178.0000, -39.0000, 25.0000, 4.5000, 1852, 177.5637, -38.5333, 24.9788,0.6393
177.0000, -40.0000, 25.0000, 4.5000, 1852, 176.5582, -39.5560, 24.9707,0.6270
178.0000, -39.0000, 25.0000, 5.8000, 1875, 177.5637, -38.5333, 24.9788,0.6393
180.2330, -35.6800, 35.0000, 6.3700, 1930, 179.7620, -35.4392, 34.9749,0.5296
180.4040, -35.3230, 35.0000, 6.2200, 1930, 179.9432, -35.0899, 34.9797,0.5168
177.0000, -40.0000, 25.0000, 6.4600, 1931, 176.5582, -39.5560, 24.9707,0.6270
176.0000, -41.0000, 25.0000, 5.5000, 1931, 175.6291, -40.5317, 24.9742,0.5979
178.3000, -40.0000, 25.0000, 4.5000, 1940, 177.1796, -38.9579, 24.9483,1.5310
179.0000, -38.5000, 25.0000, 4.5000, 1940, 178.1685, -37.9380, 24.9766,1.0039
177.7000, -39.5000, 25.0000, 4.5000, 1940, 177.1448, -38.9947, 24.9756,0.7511
178.2000, -39.1000, 40.0000, 4.6900, 1940, 177.3898, -38.2658, 39.9886,1.1630
180.0000, -37.0000, 25.0000, 4.8000, 1940, 179.3335, -36.5477, 24.9268,0.8088
180.0000, -37.0000, 25.0000, 4.7000, 1940, 179.3335, -36.5477, 24.9268,0.8088
176.2000, -41.5000, 25.0000, 4.7000, 1941, 175.5343, -40.6058, 24.9504,1.1159
176.0000, -41.0000, 25.0000, 4.5000, 1941, 175.6291, -40.5317, 24.9742,0.5979
178.3000, -38.7000, 25.0000, 3.7000, 1942, 177.8769, -38.2454, 24.9951,0.6210
178.8032, -38.8455, 15.0000, 7.0500, 1947, 178.2801, -38.3653, 14.9662,0.7109
175.6800, -41.2000, 27.0000, 4.1450, 1950, 175.3155, -40.6992, 26.9645,0.6205
180.2670, -35.2950, 30.0000, 5.9800, 1953, 180.0106, -35.1531, 30.0050,-0.2931
180.4360, -35.3470, 25.0000, 6.1800, 1956, 180.1167, -35.1718, 25.0021,-0.3642
180.5130, -35.6970, 20.0000, 5.7300, 1957, 180.1001, -35.4779, 19.9745,0.4681
180.5530, -36.1490, 25.0000, 5.8400, 1958, 179.8185, -35.7485, 24.9665,0.8373
178.0600, -38.4100, 39.0000, 3.7280, 1964, 177.6737, -38.0168, 38.9826,0.5514
178.1100, -38.7400, 32.3000, 5.6000, 1966, 177.6505, -38.2161, 32.2792,0.6972
175.0800, -41.6500, 35.8000, 5.1900, 1968, 174.4408, -41.1023, 35.8033,-0.8418
177.9500, -38.6200, 37.0000, 3.6730, 1970, 177.5531, -38.1824, 36.9980,0.5909
176.9000, -39.6900, 32.6000, 5.1050, 1973, 176.5425, -39.2865, 32.5937,0.5391
177.1000, -39.0600, 40.0000, 3.1930, 1976, 176.8607, -38.8145, 40.0079,-0.3429
177.4900, -39.2600, 34.6000, 5.1540, 1976, 177.0127, -38.7989, 34.5808,0.6640
177.3900, -39.2200, 38.7000, 5.1140, 1976, 176.9383, -38.7707, 38.7030,-0.6371
177.9700, -38.9900, 28.0000, 3.7620, 1978, 177.4932, -38.4909, 27.9871,0.6904
177.3700, -39.8600, 22.0000, 3.6820, 1978, 176.9238, -39.3519, 21.9731,0.6768
175.8480, -41.4170, 29.3000, 3.2520, 1979, 175.2850, -40.6437, 29.2850,0.9566
177.4000, -39.3500, 30.0000, 4.7820, 1979, 177.0130, -38.9355, 29.9915,0.5672
176.8700, -39.7200, 30.0000, 5.7000, 1980, 176.5280, -39.3851, 29.9838,0.4790
180.1880, -35.3460, 30.0000, 5.9380, 1980, 179.9677, -35.2376, 29.9989,0.2455
177.9000, -38.8700, 27.0000, 3.2690, 1981, 177.5323, -38.4876, 27.0009,-0.5305
174.8600, -41.6900, 30.0000, 3.3440, 1981, 174.4833, -41.3106, 29.9784,0.5351
178.8400, -37.6900, 38.0000, 3.3290, 1981, 178.3969, -37.2043, 37.9723,0.6580
176.4400, -40.6300, 30.4000, 5.4000, 1981, 175.8686, -40.1011, 30.3718,0.7791
176.7500, -40.0100, 27.0000, 3.1170, 1982, 176.3484, -39.6937, 27.0016,-0.5112
175.3270, -41.2990, 30.5000, 3.2010, 1982, 174.9714, -40.8329, 30.4889,0.5864
177.7600, -39.0400, 30.0000, 4.8740, 1982, 177.2916, -38.6307, 29.9826,0.6223
175.7700, -40.8600, 31.0000, 3.7480, 1982, 175.4558, -40.4609, 31.0000,0.5079
180.8910, -35.3720, 35.0000, 5.4960, 1983, 180.0164, -34.9464, 34.9893,0.9727
176.1100, -40.8800, 28.0000, 3.2860, 1983, 175.6902, -40.3694, 27.9759,0.6615
177.8300, -38.9100, 38.0000, 3.5070, 1983, 177.2940, -38.4061, 37.9766,0.7361
173.7900, -42.4700, 30.0000, 3.6790, 1983, 173.4789, -42.1334, 30.0034,-0.4583
177.1400, -39.7700, 30.0000, 3.0100, 1983, 176.6603, -39.2604, 29.9794,0.7001
174.7590, -41.9330, 33.7000, 3.3030, 1983, 174.2584, -41.3765, 33.6843,0.7487
178.9100, -38.7600, 18.0000, 3.3290, 1983, 178.2631, -38.1955, 17.9788,0.8588
178.5000, -38.5800, 27.0000, 4.2930, 1983, 177.9881, -38.0654, 26.9845,0.7260
174.5640, -42.0260, 29.0000, 3.5070, 1984, 174.2287, -41.5747, 28.9724,0.5629
179.3500, -37.8200, 25.0000, 3.6430, 1984, 178.7667, -37.2276, 24.9699,0.8319
177.6200, -39.3000, 29.0000, 3.3850, 1984, 177.1275, -38.8506, 28.9870,0.6668
176.9200, -39.6300, 30.0000, 4.0560, 1984, 176.6105, -39.3064, 29.9881,0.4480
175.9460, -40.9040, 26.3000, 3.0000, 1984, 175.6147, -40.4939, 26.2725,0.5280
176.7900, -40.5300, 36.0000, 3.2270, 1984, 175.9536, -39.7970, 35.9830,1.1123
179.2200, -37.5400, 27.0000, 4.6980, 1984, 178.7748, -37.1476, 26.9839,0.5936
175.7600, -40.9100, 28.0000, 3.6970, 1984, 175.4706, -40.5463, 27.9873,0.4650
176.4100, -40.5000, 32.0000, 3.5660, 1984, 175.8958, -40.0080, 31.9763,0.7120
177.8600, -38.8600, 32.0000, 3.7450, 1985, 177.4205, -38.4371, 31.9765,0.6104
176.3200, -41.0400, 26.0000, 3.0790, 1985, 175.7534, -40.3919, 25.9735,0.8612
174.2200, -42.3900, 36.0000, 3.7320, 1985, 173.6806, -41.7710, 35.9780,0.8213
179.7300, -37.6900, 35.0000, 6.3000, 1985, 178.7859, -36.8648, 34.9800,1.2541
177.5200, -39.0500, 31.0000, 3.1810, 1985, 177.1604, -38.7447, 30.9872,0.4719
174.6700, -41.6500, 31.0000, 3.5280, 1985, 174.3818, -41.3668, 30.9840,0.4044
174.6220, -41.6500, 33.7000, 3.1500, 1985, 174.3003, -41.3367, 33.6856,0.4493
178.5400, -39.0600, 25.0000, 3.2420, 1985, 177.8314, -38.2876, 24.9640,1.0488
177.0200, -39.8200, 28.0000, 3.6200, 1985, 176.6044, -39.3824, 27.9985,0.6035
178.3000, -38.6200, 26.0000, 3.3440, 1985, 177.8927, -38.1949, 25.9770,0.5892
177.1600, -39.5100, 27.0000, 3.1250, 1985, 176.8651, -39.1840, 26.9792,0.4400
178.7800, -37.7100, 32.0000, 3.5330, 1986, 178.4212, -37.3360, 31.9964,0.5183
176.3100, -40.8700, 37.0000, 3.4050, 1986, 175.6065, -40.1327, 36.9783,1.0193
178.8100, -37.7600, 28.0000, 3.8740, 1986, 178.4781, -37.3987, 27.9772,0.4911
178.7800, -38.2100, 36.0000, 3.3850, 1986, 178.0030, -37.6843, 35.9907,0.9382
174.5900, -41.8100, 29.0000, 3.3720, 1986, 174.3405, -41.4859, 28.9833,0.4094
175.5260, -40.9680, 29.5000, 3.3030, 1986, 175.2795, -40.6414, 29.4845,0.4095
174.5440, -41.7080, 32.7000, 3.0480, 1986, 174.2578, -41.4132, 32.6965,0.4109
175.3530, -41.2440, 29.8000, 3.0480, 1986, 175.0317, -40.8119, 29.7943,0.5386
177.1800, -39.4700, 29.0000, 3.0990, 1986, 176.8537, -39.1212, 28.9946,0.4776
177.2100, -39.6500, 28.0000, 3.3540, 1986, 176.8176, -39.1890, 27.9900,0.6055
176.3500, -40.9500, 31.0000, 3.2520, 1986, 175.7057, -40.2448, 30.9776,0.9555
174.4390, -42.2684, 33.5900, 3.6960, 1987, 173.9583, -41.6214, 33.5787,0.8061
177.4263, -38.7317, 40.0100, 3.2110, 1987, 177.1450, -38.5172, 40.0120,-0.3537
177.8642, -39.5067, 25.5500, 3.2160, 1987, 177.2100, -38.8981, 25.5062,0.8946
179.0129, -37.5055, 28.0300, 3.4260, 1987, 178.7025, -37.1876, 28.0348,-0.4443
174.7895, -41.6215, 29.8000, 3.0500, 1987, 174.4822, -41.3207, 29.7873,0.4302
177.9514, -38.6262, 38.2600, 3.3840, 1987, 177.5238, -38.1796, 38.2655,-0.6183
174.1577, -41.8833, 34.9600, 3.0760, 1987, 173.9450, -41.5893, 34.9707,-0.3630
177.2907, -39.5574, 30.0500, 3.1210, 1987, 176.8663, -39.0744, 30.0495,0.6430
179.1744, -37.0705, 32.5000, 5.7000, 1987, 178.8866, -36.8275, 32.4887,0.3769
177.6800, -39.3754, 23.0200, 3.1460, 1987, 177.2178, -39.0117, 23.0092,0.5882
177.6194, -39.3921, 24.6100, 3.3460, 1987, 177.1875, -38.9666, 24.5761,0.6072
177.5504, -39.1317, 28.0500, 3.2340, 1987, 177.1935, -38.8120, 28.0346,0.4793
179.9269, -36.1159, 37.2100, 3.7350, 1987, 179.4814, -35.8838, 37.1871,0.5028
174.6881, -42.0721, 34.4200, 3.5340, 1987, 174.1590, -41.4390, 34.3884,0.8257
177.9933, -38.8465, 35.2800, 3.2440, 1987, 177.4815, -38.2916, 35.2466,0.7556
177.8160, -38.6992, 32.0900, 3.4870, 1987, 177.5044, -38.3544, 32.0749,0.4650
176.8837, -39.6374, 28.1000, 3.1290, 1987, 176.6134, -39.3707, 28.0860,0.3800
178.2970, -38.5155, 31.4800, 3.0740, 1988, 177.8361, -38.0644, 31.4640,0.6451
178.9697, -37.7128, 23.1600, 3.4590, 1988, 178.6635, -37.3895, 23.1391,0.4458
176.2389, -40.3238, 38.3100, 3.6450, 1988, 175.7657, -39.9241, 38.2991,0.6195
177.2985, -39.7418, 23.9400, 3.1000, 1988, 176.9013, -39.2789, 23.9106,0.6106
178.7390, -39.1292, 26.9500, 4.0460, 1988, 177.8571, -38.1945, 26.9097,1.2857
177.9424, -38.6421, 26.5800, 3.0130, 1988, 177.6804, -38.3659, 26.5618,0.3811
176.4707, -40.9765, 31.9200, 3.1180, 1988, 175.7195, -40.1983, 31.8806,1.0823
176.6726, -39.9868, 28.7700, 4.8840, 1988, 176.3317, -39.6391, 28.7419,0.4878
176.5161, -41.3994, 22.2900, 3.4340, 1988, 175.7950, -40.5153, 22.2519,1.1415
176.7346, -41.4333, 24.8900, 4.2180, 1988, 175.8213, -40.3798, 24.8324,1.3954
176.2821, -41.2336, 28.6000, 3.0610, 1988, 175.6082, -40.4174, 28.5601,1.0592
175.7002, -40.5220, 37.0800, 3.1030, 1988, 175.4790, -40.2501, 37.0826,-0.3505
175.8298, -40.7911, 35.4500, 3.0810, 1988, 175.4463, -40.3305, 35.4394,0.5995
176.9434, -40.9779, 32.7800, 3.3780, 1988, 175.8495, -40.0296, 32.7556,1.4479
178.5252, -37.7815, 31.6200, 3.2550, 1988, 178.2237, -37.5441, 31.6167,0.3838
178.1076, -38.8179, 28.1400, 3.0280, 1988, 177.6650, -38.3275, 28.1216,0.6608
177.8215, -39.0170, 38.0400, 3.0730, 1988, 177.2231, -38.4790, 38.0325,0.8047
176.5357, -40.6814, 26.2400, 3.1830, 1989, 175.9777, -40.1598, 26.2106,0.7644
175.5346, -41.0848, 30.0700, 3.4680, 1989, 175.2280, -40.6609, 30.0433,0.5239
177.0338, -41.0065, 36.0500, 3.0870, 1989, 175.8549, -39.9058, 36.0077,1.6135
174.5978, -41.7966, 30.3400, 3.9430, 1989, 174.3149, -41.4537, 30.3267,0.4447
174.1332, -41.8288, 34.9000, 3.4020, 1989, 173.9599, -41.5799, 34.9061,-0.3033
178.1567, -38.8642, 26.3300, 3.3370, 1989, 177.7028, -38.3551, 26.2982,0.6828
177.3447, -40.7737, 26.1800, 3.6800, 1989, 176.2612, -39.8336, 26.1279,1.4355
177.0351, -39.9585, 37.3800, 3.1300, 1989, 176.4117, -39.2754, 37.3685,0.9249
178.7985, -38.6848, 21.1500, 3.6440, 1989, 178.1915, -38.1055, 21.1048,0.8403
176.9066, -40.3573, 27.0800, 3.0620, 1989, 176.2308, -39.8253, 27.0785,0.8600
176.1002, -40.9675, 33.6400, 3.3790, 1989, 175.5351, -40.3117, 33.6002,0.8666
176.4774, -40.6510, 25.8400, 3.7110, 1989, 175.9795, -40.1763, 25.8155,0.6884
177.9815, -38.6771, 30.1600, 4.7140, 1989, 177.6267, -38.2997, 30.1335,0.5187
176.4364, -40.4678, 33.8200, 6.2000, 1990, 175.8514, -39.9884, 33.8115,0.7564
177.0510, -39.9250, 32.2900, 3.3040, 1990, 176.4863, -39.3507, 32.2570,0.8061
175.8667, -40.7242, 32.1600, 4.2750, 1990, 175.5353, -40.3591, 32.1340,0.4938
177.5201, -39.1770, 30.9000, 3.3970, 1990, 177.1053, -38.8091, 30.8974,0.5545
178.6143, -38.8501, 24.8700, 3.9870, 1990, 177.9759, -38.1594, 24.8473,0.9408
176.4708, -40.4267, 29.9900, 6.4000, 1990, 175.9966, -39.9738, 29.9592,0.6565
173.7399, -42.3793, 29.9400, 3.7540, 1990, 173.4970, -42.1200, 29.9160,0.3561
176.7570, -40.7141, 30.9600, 3.6830, 1990, 175.9386, -40.0007, 30.9333,1.0860
173.9824, -42.1987, 36.5200, 3.4510, 1990, 173.6310, -41.7972, 36.5279,-0.5336
178.3775, -38.8984, 30.5400, 3.2580, 1990, 177.7411, -38.1838, 30.5288,0.9570
177.2779, -39.7383, 25.0200, 3.0340, 1990, 176.8579, -39.2700, 24.9931,0.6296
176.9189, -40.0344, 36.5000, 3.3420, 1990, 176.2848, -39.4237, 36.4897,0.8804
178.1058, -38.3854, 36.6800, 3.1010, 1990, 177.7144, -38.0353, 36.6855,-0.5252
176.9691, -40.0678, 35.6500, 3.6790, 1990, 176.3021, -39.4315, 35.6199,0.9223
178.3273, -38.3359, 30.2800, 3.1200, 1990, 177.9297, -38.0074, 30.2699,0.5159
177.1071, -39.3574, 31.9700, 3.1340, 1990, 176.8415, -39.0370, 31.9572,0.4164
176.8978, -39.6492, 38.4800, 3.1700, 1990, 176.4556, -39.2056, 38.4666,0.6265
176.8213, -40.1133, 31.7000, 3.0100, 1990, 176.2624, -39.6030, 31.6859,0.7570
176.5258, -40.4207, 39.1500, 3.6300, 1991, 175.8411, -39.8155, 39.1289,0.9141
178.6436, -38.6376, 20.8700, 3.4000, 1991, 178.1479, -38.1642, 20.8583,0.6855
178.8182, -38.2617, 20.9900, 3.1930, 1991, 178.3049, -37.9635, 20.9646,0.5942
178.5033, -39.1477, 22.8500, 3.8950, 1991, 177.8129, -38.3892, 22.8319,1.0258
178.1636, -38.6131, 29.7400, 3.1320, 1991, 177.7747, -38.1781, 29.7064,0.5845
179.0302, -37.7746, 21.6900, 3.5900, 1991, 178.6889, -37.4221, 21.6693,0.4911
178.0856, -37.9811, 39.0700, 3.1150, 1991, 177.8738, -37.7617, 39.0764,-0.3050
176.7906, -39.9943, 26.4200, 4.4430, 1991, 176.4158, -39.6450, 26.3992,0.5128
175.6724, -40.5808, 36.0500, 4.0580, 1991, 175.4475, -40.3099, 36.0612,-0.3522
176.0281, -40.6117, 37.5300, 3.4420, 1991, 175.5718, -40.1489, 37.5164,0.6500
178.0264, -39.3208, 27.7000, 3.0690, 1991, 177.3364, -38.6614, 27.6850,0.9545
176.3064, -40.4406, 30.5500, 4.0520, 1991, 175.9018, -40.0580, 30.5342,0.5570
176.0215, -40.9301, 29.5700, 3.4250, 1991, 175.5776, -40.4092, 29.5412,0.6850
174.2633, -42.1673, 27.5200, 3.0400, 1991, 173.9943, -41.8005, 27.4905,0.4558
177.4427, -39.1833, 38.3900, 3.1140, 1991, 176.9727, -38.7441, 38.3634,0.6438
177.3114, -38.9677, 32.8700, 4.0800, 1991, 177.0995, -38.7540, 32.8708,-0.3009
176.9194, -39.7266, 36.4900, 3.1240, 1991, 176.4587, -39.2543, 36.4750,0.6600
177.1944, -39.5381, 29.4500, 3.0250, 1991, 176.8195, -39.1374, 29.4267,0.5492
177.9613, -38.4974, 38.5100, 3.0170, 1991, 177.5844, -38.1179, 38.4771,0.5359
179.2058, -38.2553, 17.0600, 3.1150, 1991, 178.5459, -37.8588, 17.0261,0.7706
178.2254, -38.4844, 25.8400, 3.2280, 1991, 177.9265, -38.1684, 25.8415,-0.4349
175.3542, -41.2483, 30.5400, 4.1480, 1991, 175.0099, -40.8023, 30.5368,0.5634
179.2727, -37.0800, 29.5000, 4.9430, 1991, 178.9746, -36.8262, 29.4899,0.3916
176.5281, -40.4034, 30.3600, 3.2350, 1991, 175.9764, -39.9806, 30.3597,0.6950
176.9952, -39.5846, 27.6700, 3.3450, 1991, 176.7271, -39.2797, 27.6728,-0.4060
178.7913, -38.7216, 25.7800, 3.0500, 1992, 178.0516, -38.0471, 25.7596,1.0012
176.3810, -40.4460, 32.1300, 3.9200, 1992, 175.8752, -40.0252, 32.1267,0.6580
176.5986, -40.4320, 36.9400, 5.5000, 1992, 175.9160, -39.8066, 36.9256,0.9259
175.1004, -42.0398, 34.4400, 3.3810, 1992, 174.3098, -41.2986, 34.4287,1.0837
179.0758, -37.6218, 23.7600, 3.3690, 1992, 178.7539, -37.2845, 23.7334,0.4670
176.3475, -40.4734, 31.8600, 3.9310, 1992, 175.8686, -40.0433, 31.8421,0.6439
177.4127, -39.1961, 28.9600, 3.3460, 1992, 177.0871, -38.8953, 28.9603,-0.4433
175.9586, -40.8239, 27.1800, 3.4160, 1992, 175.6436, -40.4382, 27.1527,0.4987
176.6860, -40.4648, 23.8800, 3.4020, 1992, 176.1716, -40.0511, 23.8742,0.6601
176.7611, -40.4218, 22.5100, 3.6870, 1992, 176.2627, -40.0180, 22.4944,0.6416
176.9884, -39.8884, 37.8100, 3.3390, 1992, 176.4117, -39.2648, 37.7780,0.8500
176.9294, -39.9489, 32.2100, 3.4170, 1992, 176.4151, -39.4240, 32.1783,0.7355
173.7566, -42.3989, 32.0900, 3.0570, 1992, 173.4752, -42.0684, 32.0719,0.4344
178.4077, -38.1756, 29.4300, 3.0910, 1992, 178.0354, -37.9141, 29.4025,0.4558
175.5829, -40.9995, 28.0300, 3.2160, 1992, 175.3294, -40.6527, 28.0216,0.4297
179.0916, -37.7484, 24.6800, 3.9250, 1992, 178.6964, -37.3052, 24.6738,0.5938
179.1105, -37.7273, 24.0500, 3.5710, 1992, 178.7124, -37.3126, 24.0377,0.5750
178.9565, -38.4926, 20.0000, 3.6600, 1992, 178.3030, -38.0306, 19.9869,0.8004
177.8321, -38.6462, 36.9800, 3.5430, 1992, 177.4810, -38.2494, 36.9973,-0.5301
173.7629, -42.2437, 39.1200, 3.3220, 1992, 173.4483, -41.8877, 39.0929,0.4758
178.2020, -38.7892, 28.4200, 3.8320, 1992, 177.7279, -38.2617, 28.3846,0.7101
178.8210, -38.6983, 18.6400, 3.1440, 1992, 178.2570, -38.1666, 18.6005,0.7761
177.8760, -39.1261, 32.1400, 3.0340, 1992, 177.2717, -38.5850, 32.1237,0.8113
177.2164, -39.8747, 26.2900, 3.3470, 1992, 176.7095, -39.3506, 26.2712,0.7293
175.4909, -41.1632, 32.2500, 4.1430, 1992, 175.1502, -40.6479, 32.2451,0.6178
178.1318, -37.9026, 39.2800, 3.0740, 1992, 177.8891, -37.7320, 39.2724,0.2968
176.1437, -40.5929, 35.6200, 4.8840, 1992, 175.6756, -40.1105, 35.5992,0.6725
179.2716, -37.4890, 21.8100, 4.6060, 1992, 178.9219, -37.1892, 21.8082,0.4606
178.6659, -38.5111, 29.9800, 3.0270, 1992, 177.9667, -37.9771, 29.9778,0.8798
178.8866, -38.4052, 27.7200, 3.5200, 1992, 178.1292, -37.8573, 27.7091,0.9349
179.0042, -38.4322, 19.9200, 3.4520, 1992, 178.3325, -37.9917, 19.8900,0.8038
176.7251, -40.3774, 26.1200, 3.1460, 1992, 176.1704, -39.9404, 26.1190,0.7062
175.7816, -40.5347, 37.5200, 3.1960, 1992, 175.4886, -40.2280, 37.5072,0.4243
180.1140, -35.7740, 27.5000, 5.5760, 1992, 179.8240, -35.6255, 27.4717,0.3271
176.8331, -39.7642, 27.7100, 3.7560, 1992, 176.5357, -39.4621, 27.7009,0.4240
177.5770, -39.0327, 31.8600, 3.1910, 1992, 177.1956, -38.6766, 31.8407,0.5222
174.5130, -41.7926, 36.7000, 3.3260, 1992, 174.1371, -41.3820, 36.7027,-0.5567
173.1596, -42.5534, 39.8500, 3.3050, 1992, 172.9521, -42.3206, 39.8237,0.3130
178.6339, -38.4668, 39.8200, 3.0870, 1992, 177.8412, -37.7836, 39.8298,-1.0465
178.7340, -37.9729, 37.0000, 3.5820, 1992, 178.1718, -37.4417, 36.9926,0.7735
176.0134, -40.6489, 28.6600, 3.8160, 1992, 175.7304, -40.3082, 28.6554,0.4429
173.5234, -42.2506, 39.3900, 3.2260, 1992, 173.3099, -42.0081, 39.3698,0.3237
177.4212, -38.7281, 35.9000, 4.1410, 1993, 177.2271, -38.5281, 35.8989,0.2787
178.3776, -38.4948, 31.1200, 3.5200, 1993, 177.8903, -38.0209, 31.0907,0.6803
179.0856, -37.5977, 28.7700, 3.2600, 1993, 178.6862, -37.1801, 28.7710,-0.5778
179.1823, -37.9422, 24.2200, 3.7450, 1993, 178.6623, -37.3524, 24.2128,0.7864
175.7924, -40.4005, 39.8500, 3.8470, 1993, 175.5104, -40.1323, 39.8496,0.3891
177.4677, -39.1996, 31.0000, 3.0720, 1993, 177.0793, -38.8341, 30.9933,0.5333
177.2406, -39.6285, 29.1600, 3.1700, 1993, 176.8192, -39.1477, 29.1303,0.6400
175.3976, -41.6604, 24.7400, 3.4500, 1993, 174.8824, -41.1837, 24.7204,0.7022
176.7103, -39.7259, 37.8400, 6.0000, 1993, 176.3382, -39.3319, 37.8217,0.5423
176.0961, -40.9199, 26.3500, 3.2850, 1993, 175.7010, -40.4214, 26.3463,0.6361
176.8216, -40.6723, 22.5100, 3.2750, 1993, 176.1569, -40.1444, 22.5015,0.8489
176.8177, -40.6657, 26.5400, 3.7430, 1993, 176.0840, -40.0229, 26.5066,0.9760
178.6249, -39.1287, 32.5100, 3.0110, 1993, 177.7078, -38.1582, 32.4658,1.3360
176.3774, -40.4020, 34.2600, 4.1040, 1993, 175.8820, -39.9388, 34.2395,0.6786
178.8333, -38.1013, 22.9200, 3.1000, 1993, 178.3277, -37.7959, 22.9068,0.5908
177.7610, -38.6079, 30.2400, 3.4480, 1993, 177.5438, -38.3723, 30.2162,0.3213
178.0968, -38.7042, 27.0900, 3.4010, 1993, 177.7407, -38.2937, 27.0762,0.5436
178.7809, -38.6895, 38.5200, 3.8790, 1993, 177.7524, -37.9424, 38.5169,1.2712
173.6716, -42.1475, 38.6800, 3.5450, 1993, 173.4453, -41.9023, 38.6580,0.3344
177.7538, -39.0863, 31.3000, 3.1700, 1993, 177.2541, -38.6295, 31.2901,0.6771
174.5579, -41.8164, 30.9500, 3.0740, 1993, 174.2763, -41.4634, 30.9237,0.4523
176.5073, -40.4349, 26.6300, 3.7400, 1993, 176.0481, -40.0596, 26.6190,0.5931
177.8238, -38.4866, 31.4700, 4.1080, 1993, 177.6216, -38.2659, 31.4469,0.3002
178.4777, -38.4359, 27.0100, 3.0010, 1993, 178.0224, -38.0286, 26.9991,0.6109
176.8958, -40.4932, 29.4400, 4.2980, 1993, 176.1221, -39.8507, 29.4238,1.0058
178.0909, -38.9554, 30.3600, 3.2290, 1993, 177.5525, -38.3605, 30.3454,0.8025
178.3439, -38.6074, 27.8500, 3.0520, 1993, 177.8868, -38.1346, 27.8397,0.6577
178.3562, -37.5894, 39.7300, 3.8390, 1993, 178.1575, -37.3880, 39.7086,0.2837
177.9912, -39.4236, 28.6700, 3.3390, 1993, 177.2116, -38.7677, 28.6560,1.0189
179.1810, -37.8434, 28.3300, 3.4460, 1993, 178.6271, -37.2524, 28.2989,0.8106
176.3398, -40.8159, 23.3100, 3.0720, 1993, 175.9082, -40.3708, 23.2801,0.6207
178.5474, -37.9501, 30.8100, 3.5200, 1993, 178.1323, -37.7015, 30.7948,0.4841
177.4767, -40.2926, 22.0800, 3.2350, 1993, 176.7402, -39.5164, 22.0429,1.0707
175.4780, -41.0894, 31.3400, 3.7480, 1993, 175.1661, -40.6653, 31.3158,0.5270
178.7554, -38.6546, 23.3400, 3.2190, 1993, 178.1205, -38.0784, 23.3074,0.8580
178.3488, -39.3440, 24.5000, 3.3320, 1993, 177.5857, -38.5327, 24.4695,1.1142
177.2989, -39.2249, 29.5200, 3.5590, 1993, 177.0242, -38.9405, 29.5101,0.3955
175.6919, -40.5450, 35.8300, 3.4530, 1994, 175.4738, -40.2952, 35.8023,0.3328
174.7920, -41.6666, 30.5500, 3.5260, 1994, 174.4216, -41.3471, 30.5445,0.4892
176.3686, -40.4270, 31.9100, 3.1380, 1994, 175.8807, -40.0276, 31.9031,0.6305
178.0328, -37.9969, 39.6100, 3.0730, 1994, 177.8232, -37.8173, 39.6120,-0.2760
176.0215, -41.6550, 31.9100, 3.9340, 1994, 175.2428, -40.5937, 31.8854,1.3166
175.4157, -41.7202, 24.0400, 3.0920, 1994, 174.8949, -41.2207, 23.9957,0.7230
177.3770, -39.2492, 27.3400, 3.0410, 1994, 177.0854, -38.9575, 27.3395,0.4125
175.7397, -41.3505, 24.8800, 3.4100, 1994, 175.2835, -40.8062, 24.8605,0.7105
177.9911, -39.0944, 28.1400, 3.1180, 1994, 177.4211, -38.5580, 28.1120,0.7832
176.7776, -40.8915, 33.3700, 3.6840, 1994, 175.8177, -40.0418, 33.3521,1.2820
176.4014, -40.6367, 25.3100, 3.0360, 1994, 175.9509, -40.2320, 25.2943,0.6058
179.1428, -37.5637, 24.8500, 3.5790, 1994, 178.7805, -37.2183, 24.8391,0.5007
177.9345, -38.5513, 28.7000, 3.3380, 1994, 177.6826, -38.2936, 28.6862,0.3607
176.2820, -40.7439, 29.0200, 3.0410, 1994, 175.7997, -40.2284, 28.9918,0.7065
175.7736, -40.3229, 38.2000, 3.1880, 1994, 175.5818, -40.1165, 38.2020,-0.2818
176.3530, -40.6358, 24.2900, 3.6310, 1994, 175.9804, -40.2502, 24.2669,0.5367
176.5848, -40.3559, 33.8600, 4.1750, 1994, 175.9714, -39.8522, 33.8562,0.7938
178.6130, -39.1121, 29.1300, 3.0260, 1994, 177.7771, -38.1949, 29.1006,1.2413
179.1155, -37.9739, 25.0200, 3.1290, 1994, 178.5735, -37.4059, 25.0059,0.7853
178.5370, -38.2788, 29.6200, 3.3200, 1994, 178.0388, -37.8999, 29.6216,-0.6259
178.6174, -39.3081, 26.0400, 3.0260, 1994, 177.7450, -38.3270, 26.0153,1.3131
178.6724, -38.3353, 28.4500, 3.0640, 1994, 178.0865, -37.8849, 28.4576,-0.7391
177.8461, -38.4208, 32.9200, 4.6360, 1994, 177.6450, -38.2031, 32.9309,-0.2966
178.0201, -38.9884, 29.8000, 3.7800, 1994, 177.4889, -38.4365, 29.7933,0.7660
178.0577, -38.6807, 29.6900, 3.5040, 1994, 177.6834, -38.2625, 29.6618,0.5620
175.9321, -40.7011, 30.2400, 3.2960, 1994, 175.6327, -40.3388, 30.2220,0.4703
178.7271, -39.4194, 19.5600, 3.2330, 1994, 177.8626, -38.5007, 19.5110,1.2625
176.3861, -40.9404, 34.8600, 3.2300, 1994, 175.6207, -40.1916, 34.8240,1.0714
177.9517, -38.5381, 28.8500, 3.4440, 1994, 177.6942, -38.2778, 28.8511,-0.3662
177.5382, -38.9148, 39.1500, 3.1780, 1994, 177.1545, -38.5268, 39.1520,-0.5457
176.9642, -40.1850, 25.9300, 3.2620, 1994, 176.3963, -39.6888, 25.9119,0.7543
177.0143, -39.8400, 26.9700, 3.0620, 1994, 176.5993, -39.4274, 26.9603,0.5853
175.8087, -40.7299, 30.5800, 3.4790, 1995, 175.5470, -40.4010, 30.5523,0.4212
176.0027, -40.4649, 35.1400, 3.0680, 1995, 175.6540, -40.1484, 35.1288,0.4711
179.4886, -37.6496, 25.1000, 7.1500, 1995, 178.8771, -37.1057, 25.0689,0.8190
179.1384, -37.4595, 25.0000, 6.0000, 1995, 178.8287, -37.1620, 24.9955,0.4295
177.0924, -40.1534, 25.9800, 3.0200, 1995, 176.4656, -39.6093, 25.9678,0.8301
177.1126, -39.5787, 29.0400, 3.2780, 1995, 176.7669, -39.1978, 29.0184,0.5149
177.2093, -39.6296, 30.8200, 3.1780, 1995, 176.7861, -39.1224, 30.8039,0.6607
177.9848, -39.3321, 27.9600, 3.4240, 1995, 177.2840, -38.7112, 27.9265,0.9369
175.3276, -41.6234, 26.1800, 3.8940, 1995, 174.8331, -41.1464, 26.1635,0.6873
179.7299, -36.8693, 28.8200, 3.7310, 1995, 179.2798, -36.4809, 28.7247,0.6021
176.7219, -39.2722, 39.5000, 3.0890, 1995, 176.5720, -39.0790, 39.4822,0.2452
175.9749, -40.5502, 31.5100, 3.1520, 1995, 175.6770, -40.2532, 31.5035,0.4207
176.0453, -40.9321, 30.8700, 3.1110, 1995, 175.5715, -40.3697, 30.8700,0.7354
177.4304, -39.3523, 27.6400, 3.8790, 1995, 177.0598, -38.9723, 27.6368,0.5308
176.6926, -40.6106, 25.0000, 3.3660, 1995, 176.0880, -40.0930, 24.9723,0.7964
177.8396, -39.1258, 33.7400, 3.0750, 1995, 177.2483, -38.5639, 33.7230,0.8159
177.9397, -38.7243, 38.6700, 3.0720, 1995, 177.4717, -38.2189, 38.6707,-0.6888
178.8067, -38.2654, 22.5200, 3.1420, 1995, 178.2577, -37.9420, 22.4878,0.6379
177.5462, -39.0535, 33.6000, 3.1000, 1995, 177.1487, -38.6764, 33.5775,0.5484
176.5928, -40.4461, 27.8800, 3.0110, 1995, 176.0487, -40.0020, 27.8709,0.7024
176.7159, -40.9288, 25.3900, 3.5090, 1995, 175.9630, -40.2163, 25.3501,1.0373
177.6294, -39.5007, 37.0800, 3.2280, 1995, 176.9512, -38.7975, 37.0509,0.9774
177.0731, -39.7663, 26.7600, 3.0820, 1995, 176.6842, -39.3551, 26.7520,0.5660
176.3551, -40.6974, 26.3200, 3.1480, 1995, 175.9061, -40.2333, 26.2939,0.6463
176.4342, -40.3667, 25.7000, 3.0260, 1995, 176.0724, -40.0756, 25.6930,0.4645
177.2284, -39.5785, 32.2000, 3.0090, 1995, 176.7898, -39.0768, 32.1843,0.6665
176.9084, -39.7727, 38.7500, 3.1050, 1995, 176.4174, -39.2358, 38.7161,0.7283
176.9420, -40.5230, 32.1400, 3.5180, 1995, 176.0615, -39.8133, 32.1313,1.1309
174.6079, -41.6718, 32.9300, 3.2040, 1995, 174.2908, -41.3747, 32.9276,0.4345
177.5838, -39.4656, 30.6500, 3.4500, 1995, 177.0132, -38.9146, 30.6302,0.7934
176.4887, -40.4232, 39.1200, 3.6120, 1995, 175.8381, -39.8194, 39.1077,0.8877
177.9342, -38.6576, 39.3100, 3.5010, 1996, 177.4800, -38.1964, 39.3132,-0.6473
176.4478, -40.5302, 35.4100, 3.2650, 1996, 175.8420, -39.9421, 35.3827,0.8448
178.5176, -38.8632, 19.3900, 3.0580, 1996, 178.0297, -38.3513, 19.3663,0.7076
176.4261, -40.7092, 30.5600, 3.5510, 1996, 175.8152, -40.1511, 30.5483,0.8275
178.5956, -38.4433, 32.0400, 3.0640, 1996, 177.9404, -37.9337, 32.0359,0.8301
178.5670, -38.8341, 29.1700, 3.1290, 1996, 177.8740, -38.1026, 29.1402,1.0081
178.4732, -38.4648, 26.2800, 3.8390, 1996, 178.0240, -38.0555, 26.2764,0.6077
180.9800, -35.3710, 20.0000, 5.7530, 1996, 180.3423, -35.0272, 19.9781,0.7248
176.3985, -40.6635, 26.7100, 4.6260, 1996, 175.9013, -40.2206, 26.6920,0.6661
177.5051, -39.3871, 31.0500, 3.1190, 1996, 177.0191, -38.8963, 31.0275,0.6911
178.5907, -38.7066, 28.0700, 3.2110, 1996, 177.9326, -38.0821, 28.0602,0.9073
175.8150, -40.8595, 28.1100, 3.5310, 1996, 175.5329, -40.4948, 28.0916,0.4615
176.9549, -40.0821, 35.9600, 3.8450, 1996, 176.2993, -39.4249, 35.9369,0.9285
177.9592, -39.4172, 29.6200, 3.2000, 1996, 177.1802, -38.7693, 29.6051,1.0133
178.0446, -38.7596, 35.0400, 3.3300, 1996, 177.5620, -38.2231, 35.0360,0.7216
173.8006, -42.4052, 34.4200, 4.2110, 1996, 173.4529, -42.0166, 34.4162,0.5215
176.6533, -40.1905, 25.2200, 3.3130, 1996, 176.2823, -39.8534, 25.1958,0.5018
176.9209, -39.1988, 38.2000, 3.0720, 1996, 176.7257, -38.9745, 38.1908,0.2975
177.0255, -39.7695, 29.5900, 3.4420, 1996, 176.5981, -39.3324, 29.5637,0.6119
177.3567, -39.2459, 27.6400, 3.2680, 1996, 177.0598, -38.9723, 27.6368,0.4038
177.8430, -39.5013, 36.2900, 3.1800, 1996, 177.0145, -38.7525, 36.2689,1.1170
178.7258, -38.4477, 27.6100, 3.1300, 1996, 178.0523, -37.9689, 27.6214,-0.8264
178.0066, -38.8854, 37.8200, 3.2440, 1996, 177.4519, -38.2571, 37.8092,0.8382
178.8210, -37.7424, 24.6600, 3.1760, 1996, 178.5449, -37.4451, 24.6467,0.4060
175.9928, -40.5606, 29.5200, 3.0210, 1996, 175.7145, -40.2907, 29.5110,0.3878
178.5922, -38.3432, 26.4700, 3.3670, 1996, 178.0990, -37.9640, 26.4236,0.6239
176.3693, -41.3626, 31.6100, 4.5420, 1996, 175.5371, -40.3757, 31.5761,1.2914
176.7297, -40.2287, 24.8600, 4.0460, 1996, 176.2932, -39.8582, 24.8398,0.5729
175.9265, -40.5594, 30.7400, 3.6720, 1996, 175.6784, -40.2801, 30.7178,0.3743
178.8436, -38.4793, 27.2500, 3.2580, 1996, 178.0922, -37.9347, 27.2310,0.9282
176.8465, -39.8625, 28.6800, 3.4660, 1997, 176.4573, -39.5059, 28.6647,0.5281
179.1979, -37.7956, 21.9500, 5.1210, 1997, 178.7762, -37.3314, 21.9222,0.6278
177.7066, -38.9055, 29.4500, 3.1490, 1997, 177.3728, -38.5624, 29.4466,0.4787
174.2967, -42.1808, 28.8500, 3.8400, 1997, 173.9933, -41.7526, 28.8291,0.5252
176.8876, -40.0016, 38.1600, 3.4650, 1997, 176.2675, -39.3950, 38.1459,0.8676
177.8637, -38.6199, 36.2600, 3.2460, 1997, 177.5129, -38.2376, 36.2689,-0.5189
177.8465, -38.6382, 28.4600, 3.5850, 1997, 177.6027, -38.3727, 28.4627,-0.3605
177.1116, -39.6381, 30.1500, 3.2000, 1997, 176.7188, -39.2025, 30.1504,-0.5865
174.5152, -41.7249, 31.3600, 3.7170, 1997, 174.2717, -41.4509, 31.3591,0.3666
177.0965, -39.4045, 31.0900, 3.3240, 1997, 176.8267, -39.0776, 31.0714,0.4242
178.8275, -38.5015, 27.4400, 3.5030, 1997, 178.0810, -37.9401, 27.4426,-0.9341
178.1739, -38.2903, 31.3000, 4.0170, 1997, 177.8790, -38.0263, 31.2853,0.3961
174.8232, -41.6453, 29.4400, 3.3630, 1997, 174.4866, -41.3331, 29.4278,0.4592
175.7326, -40.8461, 31.2100, 3.1180, 1997, 175.4296, -40.4757, 31.1864,0.4792
176.3372, -40.7832, 26.0900, 3.2430, 1997, 175.8696, -40.2802, 26.0736,0.6869
179.2866, -37.6754, 20.2400, 3.7450, 1997, 178.8846, -37.2975, 20.2205,0.5521
178.6808, -38.4393, 26.1200, 3.2020, 1997, 178.0724, -38.0095, 26.1189,0.7450
176.3147, -40.3667, 32.1700, 3.2160, 1997, 175.8842, -40.0134, 32.1719,-0.5569
178.7691, -38.4000, 29.8200, 3.1700, 1997, 178.0511, -37.8740, 29.8136,0.8901
176.0462, -40.9052, 30.7500, 3.4680, 1997, 175.5831, -40.3643, 30.7336,0.7122
175.8909, -40.4043, 39.9900, 3.3230, 1997, 175.5519, -40.0875, 39.9922,-0.4640
176.2730, -40.4323, 29.7500, 3.7130, 1997, 175.8851, -40.1084, 29.7440,0.5054
179.1313, -37.7172, 30.4500, 4.1230, 1997, 178.6115, -37.2034, 30.4232,0.7313
178.0104, -38.7458, 28.2600, 3.1790, 1997, 177.6310, -38.3540, 28.2457,0.5455
178.0725, -38.8123, 29.5800, 3.3560, 1997, 177.6121, -38.3297, 29.5711,0.6670
176.9852, -39.7958, 39.3500, 3.8380, 1997, 176.4290, -39.2095, 39.3489,0.8082
177.5040, -38.9940, 28.9100, 3.6480, 1997, 177.2060, -38.7652, 28.9003,0.3759
176.0248, -40.9031, 29.7800, 3.2770, 1997, 175.5960, -40.3858, 29.7765,0.6719
175.3430, -41.2574, 28.4600, 3.3170, 1997, 175.0251, -40.8669, 28.4351,0.5042
176.7337, -39.9810, 30.9900, 3.1170, 1997, 176.2792, -39.6104, 30.9795,0.5865
175.8687, -40.7171, 29.3500, 3.0830, 1997, 175.6039, -40.3945, 29.3249,0.4181
177.1408, -39.6442, 25.8200, 3.2160, 1997, 176.8251, -39.2658, 25.7968,0.4933
175.8235, -40.3201, 38.4600, 3.3650, 1997, 175.6088, -40.0810, 38.4637,-0.3213
177.2909, -40.3752, 27.7100, 3.2630, 1997, 176.4073, -39.5991, 27.6793,1.1764
177.5932, -38.9076, 29.8300, 3.1410, 1997, 177.3090, -38.6175, 29.8119,0.4065
176.3697, -39.7447, 38.5000, 3.2500, 1997, 176.1348, -39.5199, 38.5066,-0.3252
176.0937, -40.9477, 30.6700, 3.2410, 1997, 175.5770, -40.3722, 30.6566,0.7736
176.9614, -39.8923, 28.1800, 3.5610, 1997, 176.5307, -39.4493, 28.1547,0.6183
178.7844, -38.4873, 27.2700, 3.1100, 1997, 178.0805, -37.9503, 27.2344,0.8860
176.7613, -40.1251, 25.1800, 4.1490, 1997, 176.3487, -39.7779, 25.1665,0.5394
178.8674, -38.5163, 23.1500, 3.7560, 1998, 178.1891, -38.0050, 23.1394,0.8495
176.9537, -39.8880, 39.0000, 3.9200, 1998, 176.3822, -39.2622, 38.9904,0.8476
176.5936, -40.6659, 34.4500, 3.2400, 1998, 175.8196, -40.0006, 34.4283,1.0209
176.6613, -39.9909, 26.6500, 3.1360, 1998, 176.3624, -39.6947, 26.6246,0.4216
179.2712, -37.8546, 22.4700, 3.2580, 1998, 178.7771, -37.3109, 22.4339,0.7356
177.2024, -39.3237, 37.9700, 3.1320, 1998, 176.8401, -38.8788, 37.9553,0.5740
178.9945, -38.2119, 28.0900, 3.2120, 1998, 178.1854, -37.7467, 28.0735,0.9334
175.6520, -41.5030, 31.7100, 3.1820, 1998, 175.0911, -40.7062, 31.7003,0.9745
177.4851, -39.2256, 28.5200, 3.2260, 1998, 177.1011, -38.8964, 28.5178,0.5058
176.2285, -40.9710, 27.6700, 3.0470, 1998, 175.7072, -40.3664, 27.6612,0.7984
176.8087, -39.8939, 27.5000, 3.1370, 1998, 176.4607, -39.5494, 27.4804,0.4901
178.0692, -38.8794, 37.2800, 3.3140, 1998, 177.4953, -38.2296, 37.2717,0.8669
177.0571, -40.4033, 23.1100, 3.1940, 1998, 176.3922, -39.8339, 23.0795,0.8760
176.7168, -40.1329, 30.2800, 3.6420, 1998, 176.2328, -39.6896, 30.2613,0.6566
177.5413, -38.9060, 37.4900, 3.1860, 1998, 177.1704, -38.5497, 37.4722,0.5146
174.8879, -42.0619, 35.2100, 3.6060, 1998, 174.2188, -41.3594, 35.1919,0.9703
175.6332, -40.9247, 31.1800, 3.0590, 1998, 175.3380, -40.5460, 31.1623,0.4805
176.4135, -40.6940, 26.5400, 3.3150, 1998, 175.9098, -40.2191, 26.5250,0.6925
177.9711, -39.0316, 31.7000, 3.7600, 1998, 177.3972, -38.4685, 31.6828,0.8042
178.4786, -38.5018, 27.7200, 3.3860, 1998, 177.9807, -38.0463, 27.6971,0.6752
176.4660, -41.1989, 28.2700, 3.3500, 1998, 175.7146, -40.3381, 28.2436,1.1430
179.1531, -37.7398, 24.9500, 3.7620, 1998, 178.7163, -37.2777, 24.9361,0.6360
180.2920, -35.6080, 35.0000, 5.5780, 1998, 179.8052, -35.3548, 34.9969,0.5487
176.0426, -41.1584, 27.7900, 3.1390, 1998, 175.5293, -40.5089, 27.7611,0.8284
176.9359, -39.9730, 32.3100, 3.0520, 1998, 176.3944, -39.4411, 32.3013,0.7591
176.4645, -40.6412, 29.7500, 3.1680, 1998, 175.8821, -40.1123, 29.7289,0.7870
176.3346, -40.7246, 27.4100, 3.4500, 1998, 175.8375, -40.2556, 27.3988,0.6835
176.9340, -39.7873, 35.8000, 3.0720, 1998, 176.4645, -39.2674, 35.7906,0.7006
174.3344, -42.3262, 35.9300, 3.1660, 1998, 173.8092, -41.6679, 35.8972,0.8428
178.3763, -39.0042, 30.4600, 3.5420, 1998, 177.6896, -38.2338, 30.4235,1.0326
177.8739, -38.5607, 36.4200, 3.6870, 1998, 177.5445, -38.2047, 36.4096,0.4851
174.6034, -41.7721, 31.7200, 3.3640, 1999, 174.2858, -41.4253, 31.7128,0.4703
176.9688, -39.7609, 38.9700, 3.2260, 1999, 176.4320, -39.2161, 38.9567,0.7649
178.7411, -38.4982, 23.3900, 3.2580, 1999, 178.1751, -38.0143, 23.3153,0.7484
176.0886, -40.6221, 39.6000, 3.1760, 1999, 175.5720, -40.0806, 39.5946,0.7484
175.4053, -41.7362, 35.0000, 3.6910, 1999, 174.7052, -40.8800, 34.9615,1.1067
178.2706, -38.8456, 27.6300, 3.4520, 1999, 177.7385, -38.2770, 27.6265,0.7787
175.2096, -41.9708, 29.6100, 3.2160, 1999, 174.5329, -41.2794, 29.5549,0.9690
173.6687, -42.1676, 39.5700, 3.5610, 1999, 173.4274, -41.8947, 39.5411,0.3655
178.3710, -37.5461, 39.9300, 3.0870, 1999, 178.1979, -37.3435, 39.9447,-0.2669
179.1626, -37.8680, 24.8300, 4.0500, 1999, 178.6630, -37.3318, 24.7932,0.7338
177.9010, -38.8715, 37.3300, 3.1860, 1999, 177.3736, -38.3424, 37.3253,0.7471
176.7580, -40.5234, 31.0600, 3.1400, 1999, 176.0322, -39.8897, 31.0340,0.9639
176.2983, -40.3880, 32.7300, 3.0400, 1999, 175.8882, -39.9889, 32.7001,0.5730
176.6643, -40.6767, 29.1100, 3.6400, 1999, 175.9465, -40.0672, 29.0913,0.9418
176.1311, -40.9051, 24.1700, 3.0330, 1999, 175.7748, -40.4486, 24.1491,0.5794
174.6966, -41.9112, 25.7600, 3.1350, 1999, 174.4217, -41.5579, 25.7586,0.4477
178.0194, -38.9391, 24.0000, 3.4730, 1999, 177.6075, -38.5321, 23.9756,0.5795
176.5926, -40.3901, 27.6200, 3.7800, 1999, 176.1023, -39.9522, 27.5983,0.6578
177.3219, -39.0778, 31.5700, 3.8090, 1999, 177.0708, -38.8250, 31.5644,0.3563
177.1332, -40.3630, 25.4000, 3.4850, 1999, 176.4126, -39.6960, 25.3631,0.9826
176.5705, -40.7559, 26.4700, 3.5320, 1999, 175.9364, -40.1941, 26.4484,0.8474
176.1550, -40.8635, 26.7200, 3.5990, 1999, 175.7316, -40.3823, 26.6943,0.6415
178.8162, -38.0866, 29.7700, 3.5320, 1999, 178.1661, -37.6960, 29.7421,0.7589
176.0240, -40.9596, 27.4200, 3.9190, 1999, 175.6026, -40.4623, 27.4137,0.6519
176.0269, -40.9501, 27.4600, 3.0210, 1999, 175.6265, -40.4412, 27.4563,0.6475
176.9280, -39.6949, 27.5300, 3.1350, 1999, 176.6329, -39.3742, 27.5052,0.4365
177.9747, -38.3801, 39.5800, 3.2520, 2000, 177.6244, -38.0521, 39.5906,-0.4800
177.4670, -39.6611, 28.1900, 3.6530, 2000, 176.9248, -39.0848, 28.1760,0.7914
176.4800, -40.2123, 28.0000, 3.2980, 2000, 176.0974, -39.9395, 28.0148,-0.4701
179.0739, -37.9182, 23.4800, 3.2710, 2000, 178.6247, -37.4136, 23.4538,0.6761
174.5992, -42.0734, 34.3900, 3.8660, 2000, 174.1089, -41.4807, 34.3700,0.7695
175.2693, -41.3117, 29.2700, 3.1410, 2000, 174.9321, -40.9105, 29.2443,0.5247
177.6840, -39.4577, 33.2600, 3.4920, 2000, 177.0275, -38.8213, 33.2238,0.9150
177.4965, -39.2860, 29.7600, 3.0280, 2000, 177.0760, -38.8799, 29.7349,0.5851
177.6964, -39.1269, 39.2900, 3.2050, 2000, 177.0780, -38.6078, 39.2844,0.8074
177.5659, -39.4152, 29.1100, 3.0160, 2000, 177.0699, -38.9086, 29.0952,0.7092
175.5060, -41.0720, 32.9100, 3.9830, 2000, 175.1979, -40.5950, 32.9010,0.5679
178.8377, -37.6135, 39.7100, 3.7020, 2000, 178.3998, -37.1584, 39.6989,0.6316
178.3536, -37.8736, 33.3700, 3.2550, 2000, 178.0742, -37.6802, 33.3745,-0.3398
178.1524, -38.5214, 26.9400, 3.1140, 2000, 177.8571, -38.1945, 26.9097,0.4415
177.8537, -39.0975, 23.0900, 3.0330, 2000, 177.4380, -38.7491, 23.0781,0.5426
178.0769, -39.0953, 37.9000, 3.1500, 2000, 177.3499, -38.3527, 37.8668,1.0398
179.3523, -37.8131, 21.3900, 3.3430, 2000, 178.8366, -37.2964, 21.3576,0.7308
177.7237, -39.3726, 25.1900, 3.2650, 2000, 177.1860, -38.9398, 25.1879,0.6903
177.2098, -39.8836, 23.1400, 3.0090, 2000, 176.7883, -39.4172, 23.1109,0.6293
178.8388, -38.0349, 34.9000, 3.2570, 2000, 178.2489, -37.4194, 34.9043,-0.8525
178.1582, -38.9714, 38.6200, 4.0100, 2000, 177.4688, -38.2228, 38.6145,1.0177
176.5136, -40.5288, 39.1000, 3.0930, 2000, 175.7904, -39.8719, 39.0734,0.9773
179.5145, -37.1177, 23.5500, 3.2710, 2000, 179.1479, -36.8435, 23.5457,0.4578
179.0929, -37.3476, 34.2300, 3.2550, 2000, 178.7021, -36.9885, 34.2133,0.5310
177.5918, -39.1343, 37.2800, 3.5760, 2000, 177.0624, -38.6743, 37.2815,-0.7013
174.7488, -41.6559, 29.9600, 3.2460, 2000, 174.4250, -41.3696, 29.9608,-0.4322
176.1372, -41.0011, 25.6800, 3.0620, 2000, 175.6843, -40.4614, 25.6564,0.7049
179.0442, -38.2362, 29.0000, 3.8530, 2000, 178.1914, -37.6918, 28.9673,1.0123
179.9223, -36.5838, 22.0000, 3.0300, 2001, 179.5573, -36.3326, 22.0030,-0.4431
175.4794, -40.7577, 36.6900, 3.1790, 2001, 175.2392, -40.4552, 36.6907,-0.3862
179.8364, -37.6490, 38.3000, 3.1080, 2001, 178.8133, -36.7359, 38.2767,1.3715
178.0766, -38.8743, 35.1200, 3.0540, 2001, 177.5189, -38.2613, 35.0957,0.8291
177.9596, -39.2827, 21.8800, 3.5450, 2001, 177.4219, -38.8361, 21.8535,0.6995
178.9472, -37.7969, 25.3700, 3.6010, 2001, 178.5796, -37.3877, 25.3727,-0.5501
177.2163, -38.8866, 38.4400, 3.2050, 2001, 177.0069, -38.7070, 38.4226,0.2764
178.0696, -38.8830, 24.8600, 3.0290, 2001, 177.6692, -38.4395, 24.8272,0.5984
178.0531, -38.3713, 39.0500, 3.3040, 2001, 177.6795, -38.0090, 39.0455,0.5204
179.4288, -37.6477, 38.9000, 3.0970, 2001, 178.5990, -36.9671, 38.8739,1.0735
175.9233, -40.4320, 39.0600, 3.3150, 2001, 175.5771, -40.0934, 39.0464,0.4844
176.1429, -41.0390, 24.0500, 3.0360, 2001, 175.7241, -40.4946, 24.0289,0.6872
179.3917, -37.5451, 23.4900, 3.0190, 2001, 178.9339, -37.1057, 23.4568,0.6354
177.5853, -39.1862, 31.9300, 3.2910, 2001, 177.1112, -38.7698, 31.9304,-0.6310
178.3126, -39.5874, 27.3600, 3.8710, 2001, 177.3214, -38.6913, 27.3188,1.3368
176.8076, -40.8501, 21.5600, 3.3810, 2001, 176.1281, -40.2366, 21.5058,0.9170
176.1304, -40.9417, 25.8300, 3.1310, 2001, 175.7174, -40.4286, 25.8100,0.6590
178.7553, -38.3650, 25.1600, 3.0720, 2001, 178.1691, -37.9278, 25.1540,0.7313
176.5769, -40.4221, 34.6200, 3.2580, 2001, 175.9545, -39.8447, 34.5886,0.8495
177.8196, -39.3369, 31.0000, 3.1520, 2001, 177.1604, -38.7447, 30.9872,0.8862
177.3943, -38.7596, 35.4500, 3.0550, 2001, 177.1833, -38.5870, 35.4409,0.2727
178.5874, -38.2728, 36.0000, 3.7090, 2001, 177.9008, -37.8370, 35.9568,0.8144
176.4676, -40.4554, 25.8400, 3.1000, 2001, 176.0457, -40.1005, 25.8236,0.5516
180.1635, -36.0554, 26.6900, 3.3910, 2001, 179.7333, -35.8289, 26.6883,0.4862
177.9239, -38.6366, 33.4500, 3.6400, 2001, 177.5849, -38.2440, 33.4412,0.5188
176.7205, -40.3950, 38.8900, 5.3000, 2001, 175.9391, -39.7169, 38.8830,1.0346
176.7959, -40.3739, 39.3500, 3.5520, 2001, 175.9990, -39.6383, 39.3254,1.0847
178.8103, -38.7662, 35.8900, 3.2330, 2001, 177.8245, -37.9386, 35.8605,1.2875
177.0121, -39.3901, 32.6200, 3.1170, 2001, 176.7525, -39.0968, 32.6320,-0.3919
178.0060, -39.4577, 20.8000, 3.6900, 2001, 177.3846, -38.9503, 20.7719,0.8027
179.9481, -37.0571, 29.7000, 3.2830, 2001, 179.1959, -36.5571, 29.7152,-0.9034
179.7866, -36.6539, 31.3900, 3.5010, 2001, 179.3320, -36.3167, 31.3974,-0.5660
179.9713, -36.9943, 31.0000, 3.9560, 2001, 179.2104, -36.4958, 31.0147,-0.9098
177.8731, -38.6487, 30.1000, 3.0320, 2001, 177.5810, -38.3419, 30.0997,0.4236
178.6088, -38.2568, 21.8900, 3.8780, 2001, 178.2522, -37.9866, 21.8872,0.4474
178.7149, -38.8725, 35.3800, 3.7020, 2001, 177.7981, -37.9842, 35.3517,1.2769
178.7673, -39.2671, 27.2800, 3.1630, 2001, 177.8178, -38.2186, 27.2496,1.4149
177.0768, -39.7037, 28.9300, 3.2250, 2002, 176.6677, -39.2899, 28.9117,0.5822
175.5741, -40.9098, 38.2800, 3.2030, 2002, 175.2363, -40.4118, 38.2602,0.6021
178.2254, -38.4721, 32.0500, 3.0410, 2002, 177.8308, -38.0515, 32.0427,0.5768
178.9589, -38.7355, 38.7900, 3.4760, 2002, 177.8081, -37.8682, 38.7079,1.4433
177.6233, -38.9582, 33.6300, 3.6410, 2002, 177.2366, -38.5796, 33.6125,0.5415
178.2817, -38.4961, 31.6700, 3.7790, 2002, 177.8247, -38.0698, 31.6557,0.6251
177.6395, -38.8995, 36.2300, 3.0010, 2002, 177.2181, -38.5293, 36.2297,0.5609
178.0362, -38.1175, 35.0900, 3.2040, 2002, 177.8561, -37.9267, 35.0754,0.2628
180.1111, -37.0883, 35.9600, 3.4970, 2002, 179.1743, -36.3900, 35.9428,1.1685
178.8351, -38.1656, 27.9000, 3.4660, 2002, 178.1662, -37.7903, 27.8757,0.7674
176.8667, -41.2563, 28.4900, 4.0670, 2002, 175.8223, -40.2278, 28.4419,1.4666
175.9116, -41.1687, 36.4300, 3.3800, 2002, 175.3267, -40.3989, 36.3975,0.9674
177.5639, -39.2231, 31.3300, 3.3390, 2002, 177.1170, -38.7828, 31.3153,0.6275
175.5273, -41.1566, 29.2900, 4.0990, 2002, 175.2002, -40.7066, 29.2586,0.5573
179.7489, -37.0379, 24.0000, 3.5930, 2002, 179.2840, -36.6555, 23.9195,0.6073
175.4663, -41.0388, 29.1800, 4.2730, 2002, 175.2117, -40.7011, 29.1658,0.4232
176.9233, -39.9188, 39.4100, 3.0260, 2002, 176.3293, -39.3016, 39.3862,0.8570
176.0416, -40.3863, 36.0600, 3.4930, 2002, 175.6971, -40.0727, 36.0546,0.4659
178.6573, -37.6965, 29.2000, 3.3230, 2002, 178.4028, -37.4323, 29.1801,0.3674
177.0195, -39.8954, 35.5600, 3.3330, 2002, 176.4468, -39.2910, 35.5471,0.8327
180.2390, -35.3050, 38.0000, 5.8360, 2002, 179.8693, -35.1231, 37.9861,0.4122
179.1314, -38.3540, 17.9700, 4.1100, 2002, 178.4420, -37.9579, 17.9311,0.7961
178.7941, -38.4039, 27.5000, 3.8800, 2002, 178.0898, -37.9283, 27.4361,0.8522
177.5201, -38.9573, 36.1000, 3.1790, 2002, 177.1653, -38.5895, 36.0874,0.5112
177.9791, -38.8378, 34.0700, 3.5800, 2002, 177.5075, -38.2981, 34.0620,0.7167
179.1254, -37.0434, 39.0300, 3.4890, 2003, 178.7797, -36.7518, 39.0172,0.4525
178.1034, -39.0727, 34.0300, 3.1090, 2003, 177.4324, -38.3690, 33.9949,0.9729
176.1899, -40.3724, 39.0900, 5.2000, 2003, 175.7133, -39.9536, 39.0709,0.6347
179.0591, -37.7790, 23.8600, 3.1390, 2003, 178.6758, -37.3533, 23.8349,0.5734
178.7165, -39.3079, 36.4000, 3.1000, 2003, 177.6137, -38.1417, 36.3798,1.6052
176.2828, -40.7943, 24.4100, 3.1020, 2003, 175.8704, -40.3541, 24.3966,0.6033
176.8372, -39.7271, 31.2800, 3.7090, 2003, 176.4793, -39.3896, 31.2688,0.4920
176.9783, -40.2781, 24.7900, 3.1000, 2003, 176.4046, -39.7344, 24.7515,0.7914
178.0498, -39.1010, 24.7200, 3.1180, 2003, 177.5345, -38.5725, 24.7080,0.7383
178.5564, -38.3699, 24.4100, 3.0470, 2003, 178.1260, -38.0234, 24.3968,0.5527
178.6661, -38.4910, 34.4400, 3.0100, 2003, 177.9080, -37.8875, 34.3523,0.9730
176.5540, -40.6616, 27.0700, 4.2110, 2003, 175.9771, -40.1228, 27.0298,0.7904
179.0513, -37.5456, 28.7000, 3.2650, 2003, 178.6805, -37.1880, 28.7052,-0.5151
175.0603, -41.4048, 37.2900, 3.2880, 2003, 174.6076, -40.8796, 37.2727,0.6936
177.1197, -39.4398, 35.0900, 3.6220, 2003, 176.7642, -39.0181, 35.0889,0.5516
177.9848, -38.7289, 31.5400, 3.0400, 2003, 177.5816, -38.3002, 31.5127,0.5891
177.0465, -39.5344, 34.7000, 3.2600, 2003, 176.6776, -39.1053, 34.6728,0.5665
175.8597, -40.4998, 32.2400, 4.2930, 2003, 175.6397, -40.2630, 32.2201,0.3238
176.4003, -41.1192, 25.9100, 3.0020, 2003, 175.7680, -40.3826, 25.8925,0.9709
177.8214, -39.0508, 30.7100, 3.1320, 2003, 177.3356, -38.5614, 30.6796,0.6903
178.4616, -38.9159, 21.8900, 3.4940, 2003, 177.9155, -38.3362, 21.8752,0.7965
179.8158, -36.7786, 23.0000, 3.3960, 2003, 179.4427, -36.4676, 23.0157,-0.4860
180.6780, -36.4189, 39.5000, 3.3510, 2003, 179.5074, -35.7598, 39.4791,1.3436
178.1031, -39.1961, 25.0300, 3.2010, 2003, 177.4832, -38.6122, 25.0014,0.8521
175.4450, -41.0703, 29.5200, 3.4490, 2003, 175.1802, -40.7136, 29.4928,0.4451
177.3935, -39.3100, 39.2400, 3.4590, 2003, 176.8925, -38.8026, 39.2244,0.7132
176.9114, -39.7265, 27.8800, 3.5830, 2003, 176.5894, -39.4020, 27.8553,0.4578
179.2108, -37.8941, 34.2100, 3.3170, 2003, 178.5232, -37.1837, 34.1681,0.9896
176.1886, -40.3999, 39.5900, 3.0880, 2003, 175.7021, -39.9486, 39.5780,0.6637
180.0060, -37.3846, 37.9800, 3.6660, 2003, 179.0105, -36.5287, 37.9727,1.3129
177.6515, -39.4124, 29.8600, 3.2820, 2004, 177.0876, -38.8641, 29.8342,0.7870
178.8568, -37.8799, 30.4300, 3.6930, 2004, 178.4149, -37.3855, 30.4143,0.6633
175.7044, -40.6554, 31.5200, 3.0620, 2004, 175.5102, -40.4006, 31.5069,0.3206
178.3780, -37.5893, 40.0100, 3.1090, 2004, 178.1748, -37.3644, 39.9890,0.3038
179.0528, -37.8508, 32.8700, 3.0290, 2004, 178.4919, -37.2479, 32.8593,0.8235
173.7937, -42.4060, 29.0000, 3.0910, 2004, 173.5378, -42.1164, 28.9732,0.3874
179.4192, -37.5377, 23.0000, 3.3020, 2004, 178.9301, -37.1301, 22.9795,0.6370
178.7080, -38.7442, 24.0900, 3.1780, 2004, 178.0709, -38.0978, 24.0572,0.9082
176.2343, -40.8506, 23.4800, 3.0540, 2004, 175.8555, -40.4105, 23.4518,0.5813
180.0301, -36.8511, 36.8100, 3.0930, 2004, 179.2390, -36.2787, 36.7704,0.9773
179.6043, -37.7923, 32.0000, 3.4180, 2004, 178.7402, -37.0165, 31.9762,1.1615
178.5018, -37.6040, 37.9500, 3.1070, 2004, 178.2580, -37.3344, 37.9537,-0.3635
176.6687, -39.9131, 36.2000, 3.0700, 2004, 176.2225, -39.4959, 36.1776,0.6113
179.7454, -37.0893, 32.2400, 3.0620, 2004, 179.1268, -36.5617, 32.2215,0.8132
176.4007, -40.3742, 29.7900, 3.3130, 2004, 175.9512, -40.0325, 29.7970,-0.5647
178.3331, -38.3953, 27.5700, 3.7620, 2004, 177.9662, -38.0659, 27.5717,-0.4931
179.2177, -37.8110, 18.9900, 3.3030, 2004, 178.8366, -37.4010, 18.9643,0.5604
175.5526, -41.0989, 28.3600, 3.4010, 2004, 175.2481, -40.7012, 28.3445,0.5011
180.0371, -37.3794, 32.0000, 3.3490, 2004, 179.0935, -36.6090, 31.9789,1.2183
176.8291, -39.5933, 33.5200, 3.3170, 2004, 176.5342, -39.2671, 33.4976,0.4403
176.3358, -39.6632, 39.5900, 3.1860, 2004, 176.1322, -39.4924, 39.5823,0.2659
178.1739, -38.4528, 30.3000, 3.3590, 2004, 177.8437, -38.0941, 30.2990,0.4875
177.0065, -39.9109, 28.4700, 3.6190, 2004, 176.5373, -39.4312, 28.4499,0.6713
179.5276, -37.8183, 20.0000, 3.3420, 2004, 178.9345, -37.2577, 19.9675,0.8168
178.8322, -37.7174, 32.8100, 3.3970, 2004, 178.4439, -37.2940, 32.7823,0.5751
179.4351, -37.5969, 28.4800, 3.2140, 2004, 178.8249, -37.0399, 28.4452,0.8269
175.9550, -40.2932, 38.3800, 4.7000, 2004, 175.6650, -40.0269, 38.3754,0.3938
178.6891, -39.1790, 25.1400, 3.1020, 2004, 177.8658, -38.2508, 25.1198,1.2409
175.9864, -40.7589, 31.8000, 3.1610, 2004, 175.6001, -40.3140, 31.7864,0.5893
179.0701, -37.7967, 40.0400, 3.1830, 2004, 178.4196, -37.1308, 40.0157,0.9312
177.4968, -39.2730, 33.1600, 3.1010, 2004, 177.0218, -38.8293, 33.1563,0.6500
179.4003, -37.6724, 20.5900, 3.1780, 2004, 178.9304, -37.2349, 20.5645,0.6426
179.3560, -37.6574, 21.6400, 3.4890, 2004, 178.8961, -37.2244, 21.6310,0.6317
179.1095, -38.2927, 15.5500, 3.6820, 2004, 178.5846, -37.9340, 15.5262,0.6362
176.0886, -40.9400, 27.2100, 3.1790, 2004, 175.6675, -40.4172, 27.1956,0.6715
177.5788, -39.0749, 31.9300, 3.2000, 2004, 177.1547, -38.7211, 31.9124,0.5526
177.0242, -39.6938, 29.6600, 4.2000, 2004, 176.6570, -39.2747, 29.6450,0.5575
178.2539, -38.4191, 24.7800, 3.5750, 2004, 177.9928, -38.1461, 24.7705,0.3779
178.8630, -37.5381, 28.5000, 3.0070, 2004, 178.5964, -37.2750, 28.4902,0.3746
178.6729, -39.6473, 30.8000, 3.0670, 2005, 177.4866, -38.4093, 30.7576,1.7152
180.1860, -36.8430, 38.1500, 3.1320, 2005, 179.2672, -36.1975, 38.1371,1.1229
177.6377, -38.9332, 28.3400, 3.4410, 2005, 177.3458, -38.6289, 28.3213,0.4221
176.0774, -40.9321, 27.5300, 3.3210, 2005, 175.6504, -40.4202, 27.4992,0.6673
177.0595, -39.7263, 36.9400, 3.0050, 2005, 176.5554, -39.1557, 36.8978,0.7626
176.5084, -40.3505, 31.5700, 3.2280, 2005, 175.9760, -39.9331, 31.5668,0.6765
179.0858, -37.7619, 22.9200, 3.0320, 2005, 178.7079, -37.3576, 22.8966,0.5539
174.5234, -41.6574, 35.3700, 4.0050, 2005, 174.2452, -41.3286, 35.3469,0.4313
179.5780, -36.7272, 36.0000, 4.2000, 2005, 179.1827, -36.3782, 35.9767,0.5278
176.1167, -40.9787, 24.8200, 3.4330, 2005, 175.7116, -40.4734, 24.7969,0.6481
178.7537, -39.4200, 27.0000, 3.1310, 2005, 177.7320, -38.3055, 26.9637,1.5124
176.9828, -39.8714, 35.5900, 3.2150, 2005, 176.4497, -39.2871, 35.5875,0.7909
178.7726, -39.0404, 36.7600, 3.1180, 2005, 177.7173, -38.0314, 36.7190,1.4606
178.1610, -38.5283, 25.9500, 3.4250, 2005, 177.8671, -38.2200, 25.9320,0.4263
177.9066, -38.9631, 36.2900, 3.0270, 2005, 177.3329, -38.4079, 36.2948,-0.7984
176.7117, -40.0405, 30.8000, 3.3910, 2005, 176.2398, -39.6612, 30.7915,0.6055
177.3607, -40.2090, 23.6000, 3.3690, 2005, 176.6604, -39.5176, 23.5722,0.9845
177.6293, -39.1879, 28.8200, 3.3670, 2005, 177.1884, -38.7888, 28.8081,0.5948
177.9213, -38.8069, 27.3100, 3.0520, 2005, 177.5814, -38.4312, 27.2896,0.5070
178.6250, -39.2804, 16.1200, 3.3470, 2005, 177.9229, -38.6587, 16.0757,0.9388
179.1500, -37.9202, 37.3700, 3.2800, 2005, 178.4562, -37.1634, 37.3581,1.0268
176.0932, -40.9467, 28.7300, 3.4880, 2005, 175.6205, -40.4018, 28.7157,0.7215
180.0554, -37.3112, 26.8800, 3.2310, 2005, 179.2110, -36.6373, 26.8568,1.0806
178.2759, -38.4296, 25.7500, 3.0530, 2005, 177.9662, -38.1340, 25.7500,0.4282
178.4614, -39.0064, 31.0000, 3.3910, 2005, 177.7043, -38.2038, 30.9914,1.1034
178.6376, -39.2722, 21.8300, 3.1050, 2005, 177.8386, -38.4113, 21.7843,1.1754
176.0383, -40.4764, 29.7200, 4.7000, 2005, 175.7656, -40.2344, 29.7058,0.3649
174.8638, -41.0975, 37.0600, 4.2000, 2005, 174.6596, -40.8443, 37.0457,0.3256
175.5135, -40.9029, 30.0300, 3.7330, 2005, 175.2921, -40.6153, 30.0185,0.3631
179.9008, -36.3040, 23.5900, 3.4210, 2005, 179.6371, -36.1292, 23.5803,0.3165
177.7502, -38.9009, 38.9100, 3.1520, 2006, 177.2581, -38.4213, 38.8985,0.6872
177.5913, -39.3776, 30.4400, 3.5700, 2006, 177.0533, -38.8802, 30.4371,0.7327
178.0954, -38.6008, 30.8200, 3.6580, 2006, 177.7156, -38.1984, 30.8207,-0.5533
176.3816, -40.2903, 31.9100, 4.2000, 2006, 175.9948, -39.8994, 31.8856,0.5505
179.4552, -37.7749, 29.5900, 3.0260, 2006, 178.7379, -37.0992, 29.5631,0.9857
179.1972, -37.8448, 20.9900, 3.4390, 2006, 178.7772, -37.3685, 20.9635,0.6356
179.6136, -37.6336, 37.8800, 3.6420, 2006, 178.7221, -36.8510, 37.8453,1.1868
176.6918, -39.9497, 29.2500, 3.8540, 2006, 176.3358, -39.6146, 29.2396,0.4890
176.9545, -39.7293, 29.6300, 3.7430, 2006, 176.5776, -39.3495, 29.6289,0.5351
175.5122, -40.6004, 36.8900, 3.5470, 2006, 175.3363, -40.3768, 36.8973,-0.2846
176.3672, -40.4434, 26.3200, 4.4000, 2006, 176.0050, -40.1246, 26.3034,0.4828
178.6329, -38.6533, 29.2300, 3.7170, 2006, 177.9370, -38.0369, 29.2092,0.9299
177.8251, -38.6293, 32.4700, 3.0470, 2006, 177.5275, -38.3229, 32.4557,0.4274
176.0771, -40.9408, 25.2700, 3.3750, 2006, 175.7099, -40.4569, 25.2459,0.6080
176.8022, -39.6837, 33.4800, 3.6440, 2006, 176.4783, -39.3209, 33.4726,0.4864
177.7066, -38.9613, 33.7400, 3.3940, 2006, 177.2483, -38.5639, 33.7230,0.6069
177.4516, -39.2792, 32.4900, 3.6090, 2006, 177.0248, -38.8464, 32.4665,0.6083
177.0871, -39.7719, 34.1200, 3.2750, 2006, 176.5756, -39.2120, 34.0986,0.7587
176.8061, -39.7255, 38.2200, 3.1630, 2006, 176.3852, -39.2793, 38.1848,0.6144
177.3766, -40.6908, 22.9200, 3.8850, 2006, 176.3823, -39.8558, 22.8839,1.2989
178.3228, -38.0514, 33.8400, 3.2490, 2006, 177.9995, -37.7771, 33.8517,-0.4241
176.9622, -40.4090, 23.8200, 3.1610, 2006, 176.3226, -39.8765, 23.8019,0.8325
175.9921, -40.7349, 31.8600, 3.6420, 2006, 175.6062, -40.3061, 31.8568,0.5768
175.7892, -40.2980, 40.0200, 3.5800, 2006, 175.5549, -40.0836, 40.0234,-0.3176
176.9992, -40.9698, 39.0800, 3.3680, 2006, 175.7874, -39.8759, 39.0518,1.6328
177.5551, -39.2979, 39.2000, 3.1060, 2006, 176.9634, -38.7347, 39.1729,0.8174
178.9027, -37.4592, 30.0000, 4.7000, 2006, 178.6281, -37.2005, 29.9768,0.3780
177.7025, -38.6501, 31.4100, 3.2480, 2006, 177.4580, -38.4173, 31.4057,0.3377
178.3959, -38.9535, 25.1200, 3.0750, 2006, 177.8004, -38.3102, 25.1072,0.8767
179.4776, -37.6112, 38.5000, 3.0290, 2006, 178.6535, -36.9136, 38.4683,1.0802
176.4976, -40.3361, 39.0000, 3.2380, 2007, 175.8647, -39.7944, 38.9891,0.8331
176.4336, -40.4694, 29.7200, 3.1210, 2007, 175.9300, -40.0599, 29.7134,0.6491
176.6351, -39.9764, 36.0000, 3.3740, 2007, 176.1570, -39.5719, 35.9948,0.6263
177.8074, -39.0770, 26.6100, 3.6850, 2007, 177.3700, -38.6660, 26.6042,0.6002
176.1694, -40.0123, 38.4100, 3.3040, 2007, 175.9117, -39.7626, 38.3918,0.3592
179.1293, -38.1937, 21.4200, 3.2490, 2007, 178.3848, -37.7958, 21.3879,0.8448
178.5974, -39.0132, 37.3500, 3.0860, 2007, 177.6711, -38.0628, 37.3103,1.3277
176.9691, -39.8032, 27.3800, 4.3000, 2007, 176.5914, -39.4186, 27.3738,0.5391
178.6559, -38.4226, 20.0000, 4.3000, 2007, 178.2680, -38.0775, 19.9654,0.5204
179.4514, -37.4297, 22.7100, 3.0680, 2007, 179.0178, -37.0398, 22.6770,0.5840
178.0775, -38.8165, 35.9700, 3.4490, 2007, 177.5188, -38.2402, 35.9432,0.8031
176.3751, -40.0961, 35.9500, 3.0620, 2007, 176.0015, -39.7446, 35.9355,0.5131
177.6317, -38.9566, 30.0000, 4.0000, 2007, 177.2916, -38.6307, 29.9826,0.4714
178.5371, -38.7637, 39.6700, 3.7040, 2007, 177.6998, -37.9710, 39.6351,1.1535
179.3325, -37.8005, 19.9400, 3.0180, 2007, 178.8726, -37.3234, 19.9078,0.6635
178.1282, -39.2610, 22.9700, 3.5930, 2007, 177.4928, -38.6952, 22.9439,0.8512
177.5875, -38.7946, 38.9800, 3.2360, 2007, 177.2254, -38.4538, 38.9830,-0.4972
179.4759, -37.7403, 26.5000, 3.5950, 2007, 178.8138, -37.1237, 26.4678,0.9053
177.7907, -38.6262, 36.9200, 3.0750, 2007, 177.4522, -38.2783, 36.8932,0.4861
178.9384, -38.7652, 33.8600, 3.6070, 2007, 177.9075, -37.9082, 33.8153,1.3414
175.8423, -40.4688, 36.6800, 3.2260, 2007, 175.5733, -40.1759, 36.6587,0.3982
179.3154, -37.8932, 25.1300, 3.0580, 2007, 178.7304, -37.2581, 25.1157,0.8636
178.1718, -38.3662, 32.7200, 3.2690, 2007, 177.8341, -38.0268, 32.7174,0.4787
178.7386, -38.4579, 34.1800, 3.4710, 2007, 177.9194, -37.8822, 34.0886,1.0054
178.5370, -38.8901, 24.0000, 6.7000, 2007, 177.9402, -38.2270, 23.9755,0.8925
177.1042, -39.9318, 26.3100, 3.3620, 2007, 176.6302, -39.4254, 26.2787,0.6943
178.7402, -39.3035, 22.0000, 4.2000, 2008, 177.8788, -38.3667, 21.9574,1.2734
179.9473, -36.8836, 39.1900, 3.9200, 2008, 179.1655, -36.3073, 39.1763,0.9713
177.1031, -39.4594, 29.1400, 3.3790, 2008, 176.8192, -39.1477, 29.1303,0.4217
177.7468, -39.3603, 33.7300, 3.9570, 2008, 177.0733, -38.7580, 33.7225,0.9036
177.0111, -39.9741, 25.0000, 3.1900, 2008, 176.5612, -39.5521, 24.9863,0.6170
180.2582, -36.2183, 24.0000, 4.3000, 2008, 179.7370, -35.9405, 23.9734,0.5912
176.7988, -39.9952, 37.1000, 3.3900, 2008, 176.2407, -39.4514, 37.0823,0.7794
177.2065, -39.3373, 30.3600, 3.2840, 2008, 176.9126, -39.0216, 30.3432,0.4317
174.3933, -41.9808, 31.1100, 3.1150, 2008, 174.0978, -41.5972, 31.0939,0.4845
177.1496, -39.2621, 30.8700, 4.2000, 2008, 176.9043, -39.0127, 30.8659,0.3499
178.8844, -38.0412, 20.9300, 3.0500, 2008, 178.4163, -37.7735, 20.9087,0.5397
177.6090, -39.4075, 32.2000, 3.1000, 2008, 177.0306, -38.8489, 32.1803,0.8043
179.9888, -37.3611, 17.0000, 3.6270, 2008, 179.3584, -36.8989, 17.0019,-0.7817
176.7748, -39.6480, 35.0200, 3.2190, 2008, 176.4614, -39.2923, 35.0078,0.4743
179.2424, -37.9742, 26.0100, 3.0710, 2008, 178.6419, -37.3116, 25.9784,0.8947
176.1334, -40.3864, 29.6600, 3.0480, 2008, 175.8669, -40.1319, 29.6503,0.3686
175.8433, -40.9185, 25.5500, 3.0400, 2008, 175.5596, -40.5643, 25.5456,0.4539
177.1664, -39.3637, 35.6200, 3.0370, 2009, 176.7927, -38.9784, 35.6204,-0.5368
176.7059, -39.9946, 39.2300, 3.0890, 2009, 176.1675, -39.4661, 39.2282,0.7545
176.6268, -39.9355, 37.8000, 4.0000, 2009, 176.1700, -39.5040, 37.7814,0.6286
179.7364, -36.2467, 32.9900, 3.1460, 2009, 179.4606, -36.0626, 32.9996,-0.3317
177.2413, -38.8952, 40.0200, 3.0670, 2009, 177.0166, -38.6589, 40.0177,0.3261
175.4375, -41.0543, 34.8800, 4.0000, 2009, 175.1227, -40.5884, 34.8803,-0.5623
178.3277, -37.6067, 39.8900, 3.3480, 2009, 178.1402, -37.4010, 39.8844,0.2784
173.8800, -42.2141, 34.5900, 3.4180, 2009, 173.6016, -41.8797, 34.5768,0.4353
179.1435, -38.3136, 22.0400, 3.0660, 2009, 178.3353, -37.8412, 22.0186,0.9364
179.0089, -38.1271, 31.6000, 3.1180, 2009, 178.3275, -37.4345, 31.5893,0.9716
176.4116, -40.3343, 35.8500, 3.5710, 2009, 175.8756, -39.8886, 35.8413,0.6972
175.9707, -41.0335, 26.3900, 3.0130, 2009, 175.5646, -40.5297, 26.3842,0.6471
176.4848, -40.3908, 32.0400, 4.3000, 2009, 175.9649, -39.9282, 32.0211,0.6961
176.5115, -40.3922, 35.2800, 3.3460, 2009, 175.9226, -39.8569, 35.2550,0.7962
174.7106, -41.4478, 34.1600, 4.7000, 2009, 174.4593, -41.1525, 34.1015,0.3921
176.3306, -40.9783, 31.0900, 4.0850, 2009, 175.6612, -40.2830, 31.0786,0.9652
176.7814, -39.6881, 28.9900, 4.2000, 2009, 176.5056, -39.4434, 28.9912,-0.3687
177.4862, -39.0035, 32.6700, 3.0370, 2009, 177.1664, -38.6844, 32.6495,0.4523
179.2213, -37.3297, 24.2000, 3.3080, 2009, 178.9410, -37.0672, 24.1849,0.3844
176.6984, -41.3622, 23.7700, 3.5140, 2009, 175.8416, -40.4097, 23.7393,1.2815
178.9137, -37.5903, 34.0200, 3.1500, 2010, 178.5372, -37.1744, 34.0116,0.5611
176.2854, -40.3869, 30.1800, 3.0340, 2010, 175.9250, -40.0472, 30.1605,0.4956
177.1994, -40.7126, 32.0000, 3.1220, 2010, 176.0884, -39.7884, 31.9724,1.4454
177.2178, -38.8564, 38.7100, 3.2930, 2010, 177.0266, -38.6792, 38.6940,0.2612
176.5110, -40.5618, 28.1500, 3.0360, 2010, 175.9831, -40.0676, 28.1123,0.7241
174.0799, -41.7065, 38.9900, 3.3970, 2010, 173.9164, -41.4977, 38.9722,0.2658
176.9813, -39.6542, 28.2300, 3.8000, 2010, 176.6783, -39.3052, 28.2096,0.4627
177.3379, -38.9557, 34.2900, 5.1000, 2010, 177.0933, -38.7197, 34.2901,-0.3399
177.2747, -40.7759, 27.0600, 4.2690, 2010, 176.2064, -39.8565, 27.0155,1.4101
179.6798, -35.9260, 37.9800, 3.2380, 2010, 179.5094, -35.8078, 37.9632,0.2081
178.6422, -37.8545, 27.9700, 3.0420, 2010, 178.3381, -37.5389, 27.9465,0.4389
176.2927, -40.3963, 35.7800, 3.6090, 2010, 175.8127, -39.9607, 35.7612,0.6484
178.4193, -38.8460, 33.4800, 3.0020, 2010, 177.7253, -38.1137, 33.4573,1.0091
177.0642, -39.5249, 29.9100, 3.6240, 2010, 176.7447, -39.1879, 29.9024,0.4645
176.0786, -40.9538, 28.8400, 3.7320, 2010, 175.6297, -40.3901, 28.8304,0.7207
176.6975, -39.9013, 31.3700, 3.1510, 2010, 176.3008, -39.5728, 31.3610,0.5152
175.5466, -40.8782, 32.8500, 3.9000, 2010, 175.2910, -40.5306, 32.8266,0.4321
176.0720, -40.4601, 35.2000, 3.1360, 2010, 175.6927, -40.1076, 35.1801,0.5182
177.3343, -38.9408, 35.0300, 4.4000, 2011, 177.0871, -38.7064, 35.0117,0.3411
178.4522, -38.5065, 24.0400, 3.3440, 2011, 178.0651, -38.1056, 24.0116,0.5580
178.0238, -38.9302, 23.5400, 4.4000, 2011, 177.6323, -38.5276, 23.5230,0.5619
179.4426, -37.5304, 27.4700, 3.6010, 2011, 178.8436, -37.0537, 27.4636,0.7655
178.5699, -38.4300, 25.6600, 3.3590, 2011, 178.1087, -37.9893, 25.6251,0.6389
176.8686, -39.8359, 28.0500, 4.4000, 2011, 176.5126, -39.4728, 28.0349,0.5087
176.3825, -40.2606, 28.8700, 4.7000, 2011, 176.0181, -39.9938, 28.8827,-0.4518
178.9226, -38.3428, 35.8000, 3.4070, 2011, 177.9967, -37.7024, 35.7790,1.1260
178.0285, -38.9198, 23.1600, 3.4860, 2011, 177.6628, -38.5152, 23.1361,0.5459
178.2398, -39.5276, 25.3100, 3.2400, 2011, 177.3325, -38.7645, 25.2759,1.1861
178.9553, -38.3291, 34.3100, 3.0190, 2011, 178.0093, -37.7449, 34.2809,1.1122
178.9108, -38.5934, 39.1300, 3.3470, 2011, 177.8648, -37.7734, 39.1252,1.3291
177.5260, -39.1800, 31.7800, 3.2600, 2011, 177.0939, -38.7934, 31.7765,0.5798
179.4748, -37.6801, 31.5100, 3.0500, 2011, 178.7569, -37.0137, 31.4783,0.9800
178.3024, -38.4977, 36.0200, 3.3600, 2011, 177.7548, -38.0117, 36.0073,0.7323
177.3345, -39.3664, 35.2000, 3.6130, 2011, 176.8987, -38.8946, 35.1710,0.6429
177.6263, -38.9292, 27.7200, 3.3530, 2011, 177.3393, -38.6574, 27.7068,0.3954
174.5941, -41.7995, 36.2200, 3.2520, 2011, 174.1772, -41.3625, 36.2123,0.6040
176.1099, -40.9082, 23.7200, 3.4460, 2011, 175.7734, -40.4690, 23.6966,0.5538
178.8541, -38.0465, 32.9100, 3.1450, 2011, 178.2623, -37.4622, 32.8868,0.8319
178.9564, -37.7833, 26.8100, 3.2660, 2011, 178.5726, -37.3479, 26.7849,0.5810
176.6913, -39.9025, 36.0800, 3.3790, 2011, 176.2462, -39.4748, 36.0793,0.6173
178.0775, -38.9641, 27.0000, 4.6000, 2011, 177.5781, -38.4455, 26.9680,0.7207
178.1075, -38.9692, 30.0000, 4.3000, 2011, 177.5494, -38.3748, 29.9625,0.8162
179.9527, -37.4422, 25.0000, 5.8000, 2011, 179.1415, -36.7935, 24.9755,1.0389
178.9082, -38.4603, 19.8100, 3.5720, 2011, 178.3170, -38.0213, 19.8067,0.7363
176.9526, -39.8643, 27.8600, 3.5980, 2012, 176.5212, -39.4713, 27.8476,0.5837
176.8654, -39.3156, 34.5200, 3.4650, 2012, 176.6689, -39.1172, 34.5215,-0.2793
177.0088, -39.9106, 28.6200, 4.2270, 2012, 176.5227, -39.4405, 28.6003,0.6765
176.5153, -40.6198, 26.6600, 3.2640, 2012, 175.9820, -40.1354, 26.6333,0.7210
177.8925, -40.8380, 15.9800, 4.1080, 2012, 176.8711, -39.7999, 15.8975,1.4587
178.9608, -38.3158, 35.4600, 3.0310, 2012, 178.0112, -37.6934, 35.4433,1.1355
176.2838, -40.1355, 39.4600, 4.4000, 2012, 175.8860, -39.7565, 39.4528,0.5495
175.6026, -41.0447, 38.2600, 3.2800, 2012, 175.1865, -40.4479, 38.2538,0.7276
177.6669, -39.3172, 28.8000, 3.0300, 2012, 177.1390, -38.8452, 28.7874,0.7083
178.8787, -37.5072, 39.7500, 4.5000, 2012, 178.4563, -37.1005, 39.7365,0.5865
179.3255, -37.0824, 38.4800, 3.5250, 2012, 178.8637, -36.6754, 38.4821,-0.6156
179.4753, -37.4824, 29.8700, 3.0510, 2012, 178.8325, -36.9805, 29.8547,0.8157
177.3973, -38.8725, 33.2000, 3.4950, 2012, 177.1459, -38.6909, 33.2098,-0.3103
178.8196, -38.0661, 23.7900, 4.4000, 2012, 178.3103, -37.7723, 23.7725,0.5882
178.8212, -38.6115, 36.3600, 3.0430, 2012, 177.8657, -37.8734, 36.2793,1.2101
179.9300, -37.5016, 26.2900, 3.4320, 2012, 179.0868, -36.8101, 26.2693,1.0907
178.6995, -39.4500, 16.6600, 3.2790, 2012, 177.8599, -38.6879, 16.6028,1.1353
180.2308, -36.6577, 38.0000, 4.1610, 2012, 179.3540, -36.0704, 37.9784,1.0555
177.8577, -38.5634, 30.6000, 4.1000, 2012, 177.6126, -38.2985, 30.5985,0.3608
177.2576, -39.3449, 30.9000, 3.3260, 2012, 176.9302, -38.9875, 30.8795,0.4851
179.5384, -37.4475, 26.9600, 3.5880, 2012, 178.9601, -36.9347, 26.9385,0.7733
179.3903, -37.7944, 29.6900, 3.0640, 2012, 178.6841, -37.1530, 29.6813,0.9540
177.4199, -39.2883, 32.8600, 3.5160, 2012, 176.9990, -38.8610, 32.8662,-0.5998
179.1823, -37.3802, 25.3200, 4.7000, 2012, 178.8746, -37.0994, 25.3049,0.4169
174.3104, -41.7845, 36.3900, 3.3510, 2012, 174.0544, -41.4624, 36.3624,0.4124
177.5930, -39.1018, 26.7800, 3.1750, 2012, 177.2444, -38.8035, 26.7740,0.4588
175.5205, -41.1032, 30.3300, 3.1970, 2012, 175.1934, -40.6773, 30.3126,0.5373
178.4128, -37.4811, 38.5100, 3.3450, 2012, 178.2636, -37.3160, 38.5014,0.2227
179.1234, -37.8926, 23.8300, 3.1430, 2012, 178.6533, -37.3744, 23.8167,0.6998
177.4219, -39.2620, 30.9700, 3.2910, 2012, 177.0420, -38.8751, 30.9583,0.5424
177.9207, -39.2755, 23.5100, 3.0310, 2012, 177.3865, -38.7888, 23.4674,0.7240
177.7786, -39.1787, 26.1800, 3.1080, 2012, 177.2727, -38.7952, 26.1837,-0.6348
178.8417, -38.1495, 24.7900, 3.0620, 2012, 178.2620, -37.7974, 24.7696,0.6785
178.7410, -38.4558, 19.2900, 3.1540, 2012, 178.3056, -38.0736, 19.2256,0.5829
176.0052, -41.1245, 26.7500, 3.1170, 2013, 175.5506, -40.5288, 26.7142,0.7502
178.1696, -38.4964, 27.2800, 4.0000, 2013, 177.8633, -38.1763, 27.2702,0.4431
178.1789, -38.5271, 26.1500, 3.6220, 2013, 177.8844, -38.1964, 26.1462,0.4428
177.8918, -38.8817, 33.3100, 3.1450, 2013, 177.4091, -38.4109, 33.2984,0.6743
178.9759, -38.3632, 18.1500, 3.0160, 2013, 178.3975, -38.0161, 18.1088,0.6758
177.5853, -39.3850, 27.0000, 4.8000, 2013, 177.1051, -38.9506, 26.9912,0.6475
174.9808, -41.4952, 31.6600, 3.1760, 2013, 174.5645, -41.1456, 31.6650,-0.5436
176.9650, -39.6473, 34.3400, 3.2580, 2013, 176.5669, -39.2134, 34.3286,0.5890
178.9435, -37.6010, 36.0100, 3.1750, 2013, 178.5151, -37.1433, 35.9767,0.6278
179.0887, -37.5170, 31.5400, 3.8420, 2013, 178.6459, -37.1354, 31.5198,0.5849
176.2302, -41.0512, 31.6600, 4.4000, 2013, 175.5879, -40.3297, 31.6418,0.9662
179.1373, -38.2296, 33.1900, 3.9940, 2013, 178.3340, -37.3851, 33.1613,1.1659
176.8645, -39.9858, 38.6500, 3.2710, 2013, 176.2763, -39.3726, 38.6458,0.8497
175.1260, -41.4000, 31.3600, 3.6760, 2013, 174.7538, -40.9750, 31.3506,0.5650
179.1610, -38.3634, 21.8300, 3.1070, 2013, 178.3278, -37.8692, 21.8004,0.9692
177.6037, -39.0579, 28.6400, 3.0190, 2013, 177.2613, -38.7114, 28.6233,0.4874
177.4275, -38.7742, 36.3200, 3.4640, 2013, 177.1858, -38.5619, 36.3178,0.3217
176.9481, -40.3331, 24.9900, 3.5170, 2013, 176.3419, -39.7959, 24.9564,0.8106
176.7388, -39.8320, 33.7900, 4.8000, 2013, 176.3513, -39.4376, 33.7747,0.5531
177.0249, -39.8908, 35.2000, 3.0750, 2013, 176.4467, -39.3015, 35.1769,0.8259
178.3095, -39.6099, 30.5500, 3.1360, 2013, 177.2363, -38.6739, 30.5180,1.4244
179.8428, -36.9799, 20.9000, 3.1780, 2013, 179.3699, -36.6743, 20.8432,0.5659
178.9171, -38.3346, 22.9000, 3.1790, 2013, 178.2687, -37.8999, 22.8886,0.7808
179.2831, -37.8362, 28.9100, 3.1840, 2013, 178.6694, -37.1934, 28.8856,0.8891
176.9668, -39.6625, 32.8000, 3.2970, 2013, 176.5837, -39.2419, 32.8084,-0.5689
179.0183, -37.7336, 26.7900, 3.6750, 2013, 178.6119, -37.3135, 26.7698,0.5848
177.1337, -39.5124, 32.0800, 3.5100, 2013, 176.7609, -39.1059, 32.0736,0.5516
178.7781, -38.7886, 39.8400, 3.2150, 2013, 177.7261, -37.9357, 39.8291,1.3543
177.6969, -38.7705, 32.1700, 3.0490, 2013, 177.4060, -38.4463, 32.1500,0.4360
175.9577, -40.6641, 39.0900, 3.8290, 2014, 175.4943, -40.1726, 39.0699,0.6758
179.7699, -36.5026, 30.7200, 3.0620, 2014, 179.3660, -36.2907, 30.6878,0.4572
176.5070, -40.0576, 32.2000, 3.1290, 2014, 176.1431, -39.7181, 32.1763,0.4983
177.2128, -38.9741, 39.9100, 3.6100, 2014, 176.9484, -38.7332, 39.9006,0.3579
177.5926, -38.8441, 38.9500, 3.4330, 2014, 177.1782, -38.5060, 38.9385,0.5349
179.1584, -37.1838, 36.4800, 3.4180, 2014, 178.7641, -36.8442, 36.4635,0.5206
178.9688, -37.4572, 31.4500, 3.0800, 2014, 178.6374, -37.1472, 31.4272,0.4544
179.0086, -37.7994, 28.7700, 3.2960, 2014, 178.5489, -37.3108, 28.7403,0.6715
177.0418, -39.7344, 28.6300, 3.1370, 2014, 176.6408, -39.3252, 28.6280,0.5729
177.6684, -39.4468, 26.0200, 3.3650, 2014, 177.1324, -38.9629, 25.9930,0.7226
178.7483, -39.3056, 16.5500, 3.3540, 2014, 177.9970, -38.5510, 16.5038,1.0658
176.9209, -39.7674, 31.9600, 3.3010, 2014, 176.5155, -39.3322, 31.9486,0.5949
178.5789, -39.0267, 28.2200, 3.4490, 2014, 177.8217, -38.1837, 28.1872,1.1336
178.1848, -38.8087, 31.2300, 3.9370, 2014, 177.6729, -38.2263, 31.2021,0.7759
178.5299, -38.3906, 26.9300, 3.5050, 2014, 178.0510, -37.9997, 26.9282,0.6182
179.1262, -37.2976, 35.4100, 3.6500, 2014, 178.6887, -36.9666, 35.4047,0.5487
179.1836, -37.8721, 27.1700, 3.0430, 2014, 178.6374, -37.2781, 27.1594,0.8070
178.7410, -37.5962, 36.4000, 4.1000, 2014, 178.4024, -37.2382, 36.4137,-0.4929
178.8102, -38.2537, 37.1500, 3.1710, 2014, 177.9833, -37.6701, 37.1393,1.0121
179.6002, -37.0637, 33.8300, 3.1280, 2014, 179.0688, -36.5819, 33.8118,0.7176
179.0842, -38.0539, 18.4700, 3.4420, 2014, 178.6072, -37.6620, 18.4462,0.6179
179.1657, -38.0367, 23.6000, 3.1460, 2014, 178.6137, -37.4190, 23.5839,0.8286
178.0512, -38.8663, 38.8000, 4.6520, 2014, 177.4543, -38.2320, 38.8053,-0.8710
179.9110, -36.1520, 36.5000, 5.0000, 2014, 179.4900, -35.8930, 36.4777,0.4948
177.4276, -39.2475, 26.8800, 3.6000, 2014, 177.1223, -38.9374, 26.8671,0.4354
176.9231, -40.0165, 25.2500, 3.0550, 2015, 176.4843, -39.6229, 25.2294,0.5898
178.0219, -38.3938, 30.3800, 4.2000, 2015, 177.7752, -38.1573, 30.3650,0.3420
176.8899, -39.8484, 33.1200, 3.0490, 2015, 176.4160, -39.3929, 33.1109,0.6574
177.2823, -39.0104, 36.7600, 3.1030, 2015, 177.0170, -38.7378, 36.7385,0.3810
177.0645, -39.5683, 29.9600, 3.1740, 2015, 176.7476, -39.1839, 29.9438,0.4984
178.6392, -38.9722, 25.0500, 3.2320, 2015, 177.9223, -38.2031, 25.0181,1.0519
179.0048, -38.3538, 22.2500, 3.3400, 2015, 178.2808, -37.9211, 22.2276,0.8438
176.6395, -39.9664, 35.8900, 3.2640, 2015, 176.1837, -39.5469, 35.8774,0.6196
177.4821, -39.2510, 29.1300, 3.9230, 2015, 177.1074, -38.8677, 29.1217,0.5361
178.9561, -38.2932, 22.2800, 3.1410, 2015, 178.2993, -37.8877, 22.2646,0.7720
180.4270, -35.3060, 26.5000, 5.5890, 2015, 180.0928, -35.1448, 26.5133,-0.3713
180.3860, -35.4130, 28.2000, 5.6220, 2015, 180.0105, -35.2317, 28.1894,0.4171
179.1275, -37.5618, 39.3700, 3.5810, 2015, 178.5276, -37.0338, 39.3577,0.7993
178.9818, -38.2917, 21.5300, 3.4190, 2015, 178.3107, -37.9190, 21.4935,0.7685
175.7062, -41.3628, 27.9600, 3.4530, 2015, 175.2208, -40.7367, 27.9191,0.7933
178.4549, -38.2503, 32.7700, 3.8440, 2015, 177.9648, -37.8714, 32.7720,-0.6195
178.6424, -37.5505, 38.7500, 3.1910, 2015, 178.3458, -37.2332, 38.7522,-0.4343
179.7045, -36.6862, 30.4200, 3.1600, 2015, 179.3374, -36.3402, 30.4700,-0.5070
179.8448, -36.7822, 30.4900, 3.1830, 2015, 179.3146, -36.3714, 30.5110,-0.6711
176.4580, -40.5852, 30.0000, 4.6000, 2016, 175.8856, -40.0981, 29.9821,0.7518
178.7045, -39.1772, 20.5200, 3.0040, 2016, 177.9625, -38.3575, 20.4883,1.1061
178.6954, -38.7271, 26.9700, 3.4990, 2016, 177.9852, -38.0693, 26.9592,0.9680
177.0094, -39.8288, 38.3100, 3.2430, 2016, 176.4439, -39.2214, 38.2841,0.8303
177.4845, -39.3015, 35.3100, 3.4980, 2016, 176.9780, -38.8148, 35.3131,-0.7024
178.4404, -38.7698, 26.6700, 3.6410, 2016, 177.8824, -38.1798, 26.6669,0.8121
178.5186, -38.7009, 20.2500, 3.7960, 2016, 178.0892, -38.2527, 20.2255,0.6212
174.9753, -41.4153, 32.9900, 4.3000, 2016, 174.6004, -41.0505, 32.9856,0.5231
173.7002, -42.1472, 36.4800, 3.2720, 2016, 173.4986, -41.9147, 36.4925,-0.3080
178.4349, -38.2496, 35.2400, 3.2710, 2016, 177.8971, -37.8720, 35.1579,0.6623
178.4978, -39.5623, 18.3300, 3.2230, 2016, 177.6173, -38.8455, 18.2322,1.1396
178.9039, -38.3951, 26.2900, 4.1800, 2016, 178.1608, -37.8821, 26.2680,0.9033
179.5200, -36.9795, 23.0000, 7.1000, 2016, 179.2600, -36.7280, 22.9497,0.3652
178.1467, -38.5227, 31.1500, 3.3690, 2016, 177.7843, -38.1248, 31.1515,-0.5382
176.7407, -39.9037, 38.4300, 3.2450, 2016, 176.2587, -39.3963, 38.4249,0.6999
178.7816, -37.5827, 38.6200, 3.3970, 2016, 178.3856, -37.1991, 38.6121,0.5514
179.0876, -38.2568, 23.2400, 3.4600, 2016, 178.3074, -37.8128, 23.2075,0.8982
176.3557, -40.2889, 39.8500, 3.4500, 2016, 175.8507, -39.7829, 39.8193,0.7155
176.7388, -39.9775, 39.8700, 3.0510, 2016, 176.1852, -39.4319, 39.8436,0.7777
176.1456, -40.5959, 34.0000, 4.1000, 2017, 175.6818, -40.1606, 33.9808,0.6364
177.5202, -39.5035, 30.1400, 3.5760, 2017, 176.9987, -38.9448, 30.1301,0.7643
176.9329, -39.8699, 32.0000, 4.4000, 2017, 176.4594, -39.3860, 31.9809,0.6773
176.6225, -40.9295, 25.0500, 3.0160, 2017, 175.9350, -40.2618, 25.0154,0.9590
176.7309, -39.4863, 39.8200, 3.3620, 2017, 176.4552, -39.1739, 39.8169,0.4167
176.7178, -40.1023, 30.8900, 3.8610, 2017, 176.2550, -39.6417, 30.8610,0.6536
177.9060, -39.3743, 25.3200, 3.4000, 2017, 177.2710, -38.8364, 25.2990,0.8325
176.1598, -40.7301, 25.1700, 3.4900, 2017, 175.8342, -40.3539, 25.1632,0.4976
177.7837, -39.5393, 22.0800, 3.0480, 2017, 177.2318, -39.0494, 22.0514,0.7385
178.1053, -38.9301, 25.9900, 3.0660, 2017, 177.6340, -38.4288, 25.9658,0.6885
178.2290, -38.5895, 26.1100, 3.3110, 2017, 177.8815, -38.2004, 26.1109,-0.5217
175.9797, -40.6678, 31.8100, 3.7450, 2017, 175.6270, -40.2890, 31.8092,0.5176
178.5600, -38.7906, 29.1000, 3.8330, 2017, 177.8682, -38.1105, 29.0733,0.9705
177.6938, -38.4516, 37.0000, 3.6000, 2017, 177.5041, -38.2283, 36.9871,0.2933
178.8846, -38.6916, 37.7200, 3.4890, 2017, 177.8049, -37.9034, 37.7292,-1.3368
177.4189, -39.4401, 27.2900, 3.3210, 2017, 177.0188, -39.0273, 27.2780,0.5750
179.3178, -37.8164, 30.1900, 3.6150, 2017, 178.6422, -37.1809, 30.1631,0.9279
179.1225, -37.6817, 23.9700, 3.0320, 2017, 178.7486, -37.2821, 23.9411,0.5480
177.6664, -39.3687, 30.2100, 3.9380, 2017, 177.0935, -38.8458, 30.1827,0.7761
175.0548, -41.8941, 28.1000, 3.1150, 2017, 174.5173, -41.3675, 28.0824,0.7527
176.7123, -39.9203, 39.8800, 3.0260, 2017, 176.2175, -39.3990, 39.8801,-0.7188
175.9512, -40.7114, 36.1200, 3.0510, 2017, 175.5218, -40.2426, 36.1230,-0.6357
177.8710, -38.5371, 31.0000, 3.8000, 2018, 177.6157, -38.2842, 30.9967,0.3594
178.1583, -38.2919, 33.9300, 3.3910, 2018, 177.8263, -37.9971, 33.9340,-0.4441
178.7149, -38.3910, 32.2000, 3.1600, 2018, 177.9994, -37.8453, 32.2045,-0.8999
179.0569, -37.5265, 38.0000, 3.1060, 2018, 178.5356, -37.0637, 37.9959,0.6971
175.4453, -40.8922, 32.0000, 4.1000, 2018, 175.2313, -40.5992, 31.9747,0.3638
178.2606, -39.0340, 39.1300, 3.0340, 2018, 177.4946, -38.1873, 39.1166,1.1419
175.9765, -40.7249, 39.2100, 3.6660, 2018, 175.4797, -40.1820, 39.2023,0.7360
176.5322, -40.5164, 30.3300, 3.5590, 2018, 175.9613, -40.0002, 30.3041,0.7701
179.3851, -37.2086, 37.0000, 3.9380, 2018, 178.8606, -36.7212, 36.9769,0.7164
178.0134, -39.0144, 25.1100, 3.0820, 2018, 177.5496, -38.5426, 25.0855,0.6621
178.7277, -39.2442, 28.6100, 3.0110, 2018, 177.7851, -38.2038, 28.5909,1.4040
178.3393, -38.4748, 25.1200, 3.2560, 2018, 178.0020, -38.1241, 25.1027,0.4869
177.9261, -38.6438, 39.2500, 3.8070, 2018, 177.5003, -38.1794, 39.2271,0.6305
176.3700, -40.7476, 27.2000, 3.0010, 2018, 175.8727, -40.2291, 27.1790,0.7187
176.3464, -40.6362, 26.0000, 3.8000, 2018, 175.9261, -40.2263, 25.9829,0.5873
175.5515, -41.0433, 36.0000, 3.8670, 2018, 175.2027, -40.5024, 35.9839,0.6438
178.3520, -38.5023, 39.5000, 3.0920, 2018, 177.7291, -37.9423, 39.4716,0.8381
179.2368, -37.4015, 29.6700, 3.4340, 2018, 178.7921, -37.0352, 29.6563,0.5763
177.3531, -39.5850, 31.7100, 3.5970, 2018, 176.8472, -39.0395, 31.7035,0.7440
177.8089, -39.2130, 27.0000, 3.8000, 2018, 177.2945, -38.7369, 26.9607,0.7020
179.2144, -37.8539, 31.5500, 3.0910, 2018, 178.5924, -37.1894, 31.5405,0.9102
179.1359, -37.2549, 36.0300, 4.1340, 2018, 178.7438, -36.8820, 36.0102,0.5415
177.2127, -39.2363, 39.0300, 4.2350, 2018, 176.8618, -38.8360, 38.9948,0.5335
177.7155, -39.4252, 28.6400, 3.0290, 2019, 177.1157, -38.8767, 28.6266,0.8129
178.0811, -38.6237, 30.8800, 4.0040, 2019, 177.6956, -38.2156, 30.8578,0.5618
176.2671, -40.2440, 39.1100, 3.2210, 2019, 175.8351, -39.8233, 39.0865,0.6035
178.8797, -37.5863, 26.0000, 4.8000, 2019, 178.6419, -37.3116, 25.9784,0.3639
176.9974, -39.7003, 34.3700, 3.0360, 2019, 176.5698, -39.2094, 34.3753,-0.6510
176.0148, -40.7460, 29.9800, 3.1570, 2019, 175.6590, -40.3241, 29.9798,0.5519
178.4760, -39.0802, 17.1000, 3.0080, 2019, 177.9429, -38.5684, 17.0626,0.7400
177.2931, -39.3409, 35.0900, 3.1140, 2019, 176.8930, -38.9026, 35.0630,0.5940
180.4095, -35.9767, 31.9000, 3.1040, 2019, 179.7361, -35.6104, 31.8650,0.7674
178.4685, -38.8962, 24.0300, 3.0050, 2019, 177.9006, -38.2614, 24.0130,0.8519
176.3878, -40.3834, 29.2000, 3.2060, 2019, 175.9738, -40.0320, 29.1903,0.5432
179.5848, -37.1918, 25.4300, 3.1460, 2019, 179.1252, -36.7964, 25.4138,0.6065
178.5982, -38.8016, 23.4000, 3.6290, 2019, 178.0183, -38.1786, 23.3686,0.8517
176.9744, -40.0397, 23.9900, 3.4310, 2019, 176.5518, -39.6109, 23.9638,0.6026
177.8074, -39.1091, 26.0000, 4.5000, 2019, 177.3515, -38.7101, 25.9781,0.6062
177.8805, -39.1491, 27.0300, 3.4510, 2019, 177.3560, -38.6650, 27.0200,0.7139
179.5504, -37.5626, 20.6100, 3.0020, 2019, 179.0126, -37.1420, 20.5998,0.6828
178.0053, -38.6928, 34.0000, 4.1000, 2019, 177.5936, -38.2217, 33.9797,0.6260
176.6592, -40.3567, 32.9800, 3.1290, 2019, 176.0119, -39.8386, 32.9721,0.8291
179.0577, -37.9607, 32.0000, 3.0420, 2019, 178.4634, -37.2977, 31.9834,0.8905
178.5232, -39.2214, 33.1100, 3.0350, 2019, 177.6078, -38.2334, 33.0625,1.3478
179.6260, -36.8626, 24.0000, 4.3000, 2020, 179.3153, -36.6124, 23.9413,0.4032
179.7608, -36.9207, 21.0000, 4.9000, 2020, 179.3931, -36.6328, 21.0124,-0.4671
179.0781, -38.0572, 31.8500, 3.2240, 2020, 178.4324, -37.3306, 31.8159,0.9727
180.8136, -35.5954, 24.0000, 5.3000, 2020, 180.1079, -35.2409, 23.9720,0.7902
177.7021, -39.4707, 31.2600, 3.3370, 2020, 177.0392, -38.8685, 31.2557,0.8956
178.6931, -37.6628, 30.7800, 3.1570, 2020, 178.4151, -37.3751, 30.7782,0.4001
177.7538, -39.2976, 32.1300, 3.0200, 2020, 177.1344, -38.7382, 32.1090,0.8349
177.8020, -38.9000, 28.0000, 4.0000, 2020, 177.4383, -38.5448, 27.9851,0.5086
176.6785, -40.3547, 33.0300, 3.0000, 2020, 176.0240, -39.8230, 33.0202,0.8433
175.9109, -40.3626, 37.7800, 3.2510, 2020, 175.6285, -40.0845, 37.7665,0.3966
178.0383, -38.5405, 30.2700, 3.2540, 2020, 177.7238, -38.2074, 30.2654,0.4581
178.6620, -38.6281, 36.2500, 3.0560, 2020, 177.8334, -37.9164, 36.2181,1.0927
177.6459, -38.7747, 30.4800, 3.0670, 2020, 177.3793, -38.5234, 30.4593,0.3670
179.8490, -37.3610, 18.3300, 3.4950, 2020, 179.2885, -36.9189, 18.2656,0.7168
179.2147, -37.5812, 32.9700, 3.9580, 2020, 178.6612, -37.0744, 32.9646,0.7505
178.6476, -38.5527, 23.0400, 3.3250, 2020, 178.1426, -38.0676, 23.0131,0.7008
176.6817, -39.7513, 36.0000, 3.7000, 2020, 176.3053, -39.4171, 35.9972,0.5034
174.6583, -42.2239, 26.0000, 4.6000, 2020, 174.2699, -41.6609, 25.9729,0.6845
177.4584, -38.7984, 38.0000, 4.4000, 2020, 177.1760, -38.5312, 37.9872,0.3890
174.3254, -42.0641, 28.0000, 4.1000, 2020, 174.0737, -41.7240, 27.9864,0.4234